Id,Sentiment,Instagram Comment Text
1,negative, <USERNAME> TOLOL!! Gak ada hubungan nya keguguran dgn pake hijab syar'i yg lo bilang bayi nya kepanasan didalem gak ada hubungan nya woyyyy!! Otak sama jempol lo gak singkron sih ya jadinya asal nulis komentar!
2,negative,Geblek lo tata...cowo bgt dibela2in balikan...hadeww...ntar ditinggal lg nyalahin tuh cowo...padahal kitenya yg oon.
3,negative,Kmrn termewek2 skr lengket lg duhhh kok labil bgt sih mbak kya abege ajah ato yg kmrn cari sensasi biar top markotoppp ertong gk berkualitas
4,negative,"Intinya kalau kesel dengan ATT nya, gausah ke anaknya juga. Kasian buat perkembangan psikis anak kedepannya. Itu orang bener bener tolol, skrg seandainya dia punya anak, terus anaknya dikatain sama orang yang benci sama dia, gimana perasaan dia ? Benci sama seseorang boleh, tapi harus tau batesnya ?? toh namanya manusia, gaakan semua jadi penyuka, pasti ada haters ??"
5,negative,"hadewwwww permpuan itu lg!!!!sakit jiwa,knp harus dia yg jd peran utama di film hantu jeruk purut,ky khabisan stok Artis ja"
6,negative,"Pantesan di tinggalin laki, ya lakinya juga mikir kali kalau perempuannya kayagni. Ngurus diri aja dia gak becus gimana ngurus anak, mending anak sama bapake nya aja bener didiknya"
7,negative,"kebiasaan balajaer nyampah d ig para artis..suka2 yg punya ig lah mau bikin caption apa,kok balajaer yg heboh dan asik ceramahin yg punya ig.tar lama2 d bikinin lagu sm teh melly loh balajaer yg berjudul""ketika balajaer bersabda""demi seonggak koin laknat nya.balajaer ngamuk berarti mengiyakan banget koin laknat nya jd penggoda d rt nya gigi.duh elah balajaer kami smua tau kale kelakuan biduan lo itu kek apa.minus segala2nya!lagi masih d bela mati2an,pd sakit jiwa"
8,negative,krn sebagian besar rakyat indonesia itu bodoh. Tdk bisa membedakan mana yg baik mana yg buruk. Sdh tau prilaku buruk tdk tau sopan santun itu yg dipilih jd panutan. Lebih mengidolakan yg murahan dr pd yg berkelas dan ber etika
9,negative,ayu janda bego pny suami kpn nikah laginya?
10,negative,"Anyiennnnggg.. Suaranya ancur banget, lebih merdu tukang gorengan"
11,negative,"Syarat sah nikah menurut agama islam hanya 5 yaitu : adanya CPP, adanya CPW, saksi, wali nikah dan mas kawin/mahar. Perkara makeup gak manglingi bukan syarat sah pernikahan. Sekalipun gak makeup tapi syarat yg 5 tersebut terpenuhi maka pernikahannya SAH yak emak emak julids"
12,negative,"Cewek gatau diri nih, ngerebut pacar org. Udh mana punya abang yg ngedukung sifat jeleknya lg. Ckck"
13,negative, <USERNAME> eh... Situ siapa??? Kids jaman now ya kebanyakan micin.. Mna kata aku yg ngina??? Bego dipelihara??????
14,negative,Jijik liatnya suer deh minceeee
15,negative,"Emang bukan hal tabu ciuman gitu (iya emang) tapi yg bikin eneg itu ""PENCITRAAN"" nya yg sok alim sok baik sok bijak dan sok sok yg lainya. Seandainya dia lebih apa adanya itu lebih baik dari pada pencitraan. Bukan sok alim atau sok suci serius!"
16,negative,"Yg jd masalah disini adalah 1. mereka ciuman dpn org bnyk yg SEHARUSNYA sih punya rasa MALU, kecuali mgkn lg mabok jd gak ada rasa malu. 2. Mereka berteman?? Helooow sebuah pertemanan tdk akan melibatkan ciuman BIBIR, coba aja kalian bayangin, sanggup gak ciuman bibir ma TEMAN? pasti lbh dr teman lah itu. Dasar Kelakuan Kids jaman now yg emg bego, bukan krn kebanyakan micin lho yah ??"
17,negative,Anjing nya ngamuk..hidup kok dmana2 pny musuh..udh kliatan mna yg baik dan bukan..org baik ga pny byk musuh..
18,negative," <USERNAME> ahhh katanya jaga ucapan, lahh ucapan dia ngk dijaga sendiri.. dasar munafik.. dasar betina zaman now ellu kali yangg kelebihan micin.. loe sendiri otak loe kan di selangkangan mana paham.. semoga Tuhan ampunin kemunafikan loe cun"
19,negative," <USERNAME> yaa ampun ini upil naruto,, kata2nya makin mencerminkan klo dia yg sebenarnya pecun.????pengalaman banget lu yaa. Kesian. Gua jadi prihatin. Mati aj deh lu. Ngotorin dunia manusia macam kau.??"
20,negative,"Cuman jual goyangan yak, suara macam taik..."
21,negative,Kasian ih nyari uang sampe segitunya
22,negative,anjir tontonan yg sangat tidak bermutu!
23,negative,"Dlu inul goyang ngebor baju ketat dcekal. Hrs ny ni jg dg sgja goyang dada mulu, suara ga sbrpa. Mrsk moral ank muda yg nnton bawaannya nafsu aja nanti ????"
24,negative,Pnyanyi dangdut yg ga berkelas bgini nih... bukan'y nonjolin suara malah nonjolin dada
25,negative,"Najis najis udh homo aja harusnya, org kaya gini di musnahkan dari muka bumi"
26,negative,"Haduuh ini orang gak punya akhlak bangeg, perasaan kerjaan berantem mulu, banyak musuhnya"
27,negative,S lonte ini bkn sensasi ngjak ribut org mulu sampah
28,negative,Kayak banci dh mirip nenek2 pny cucu . Mw di operasi di mua top ttp aj klo asli ny g cantik luar dlm..
29,negative,Dan lebih bagus lagi kalo mingkem aja hahahahahaha jahatnya akuuu
30,negative,Walaupun Oplas ATAU dipermak sekalipun tetep jelek. POKOKNYA MUKANYA TEGANG KEK BANCI. UDAH SEKIAN??
31,negative,"Mending liat dek molen biarpun cowok tp cuantik, gak kaya ini cewe tp malah kayak bencong wkwkwk ??"
32,negative,bencong rombeng.menjijikan!!!gay jg.
33,negative,"Orang gila itu ???? pengen HITZ cri tenar rela dipenjara? Cari sensasi settingan supaya beken smpe hina2 org,,, astagfirullah... Sekaya apa sih??? Org kaya mulut nya ky sampah,ga sekolah ya???"
34,negative,Cowok macam anjing cuihhh... Orang kaya tidak akan pernah berkoar gua orang yang ping kaya sedunia...karena semua orang juga tau klo dia orang kaya... Orang kaya malahn berperilaku sebagai mana orang sederhana buat apa memamerkan kekayaan di dunia di akhirat mampus lu harta kagak akan di bawa mati yang pants di buang ke laut itu lu orang yang paling anehhh
35,negative,"cari sensasi supaya tenar, trus banya folowers nya. gak gt gt jg kalee... darar orang setres, ngomong aja masih belepotan gk jelas gt. kamfungan"
36,negative,ngomong aja belepotan banyak gaya lu bencong
37,negative,Orang kebanyakAN makan TAIK ya gini!OTAKnya udah penuh sama TAIK jdi gak bisa berfikir positif!dari cara dia berbicara aja Gak BERMORAL!dasar kaum2 LAKNAT BANCI ANJING kbanyakan BURIT SIH LO jdi Stres!MANUSIA ogah JUMPA sama LO anjing!cuma ANJING yg mau ketemu sama LO taik!
38,negative,Sikat abiss lahh orng2 sialan kaya gini. Pemimpin negara sendiri gak di hormatin. Jgn mentang2 Bapak President kita terlalu baik jadi di sembarangin. Saya marah.. Gak boleh kita hina pemimpin kita sendiri.. Saya harap segera di tindak hukum orng iniÖ
39,negative,Jijik banget lihat tingkah si upil ini. Mudah2an secepatnya tidur selamanya
40,negative,"WONG EDAN NIH ORANG, UDH MAKAN UANG RAKYAT TIDUR PULA"
41,negative,"Manusia laknat, matinya di apain ya"
42,negative,Sakit di otak sama hatinya itu mah dia. Udah gak ada nurani dan urat malunya. Pajak saya loh yang ngegaji orang2 gila hormat ini
43,negative,Anak babi bangsat pengen sumpel timah panas ke congor lu biar modar
44,negative,Pengen sumpel timah panas ke congor si anak babi pesek buruk rupa
45,negative,Hey anak bangsat babi pesek buruk rupa keriting.pengen penggal leher lu sampe putus??lumayan buat makanan buaya??
46,negative,"RATU PELAKOR SEJAGAT RAYA, DIMANA2 LONTE YA GAK PUNYA MALU. YG NGERASA LONTE DISINI TOLONG PUNYA MALU DIKIT"
47,negative,Wah ini mahhhh pertemuan buah ranum dan buah busuk ??....dah tau dong yg busuk yg manah ??????????....mentok2nya mah gitu aja kalo pelakor??
48,negative,"Ah manda mah gatel, ga bisa liyat cowo dikit lgsg disosor.. Begok aje yg mau ama manda . kegatelan jadi cewe"
49,negative,"Si amanda mukanya ke tante"" umur baru berapa tp muka boros banget .... dasar cabe . Jujur gua mah kgk suka ama ni haltis"
50,negative,"Astagah, demen ama cewek dekil kumel. Ibaratnya dari nagita turun ke att. Nagita kaya emas att kaya barlen"
51,negative,Alah laki laki jaman skrg sm aja. Sama sama bejat. Mau ustad kek bukan kek gila bgt sm perempuan yg bukan istrinya. Aku stju bgt sm yg di blg ustazah  <USERNAME> . Msuk surga bkan krna poligami. Msh bnyk hal yg kita buat supaya bs jd akhlak baik untuk bs masuk surga. Yaa smoga aja sih perempuan perempuan pelakor diluar sna mendapat azab yg gak diampuni. Yang hidupnya gk bakal selamat dunia akhirat
52,negative,Gilaaaaa pelakor banyak bnget laki2 gatal juga banyak alasan untuk berpoligami woiii mikir pake otak haduh saya pikir dia org pintar tau agama mana baik mana buruk.... Allah menguji kesetiaan dan nafsunya eh malah kaya gtu... Menyakiti istri sama sja menutup pintu rejekimu... Anak istri kau korbankan! Sbg seorg imam keluarga dia telah gagal mmpertahankan rmh tangganya mencoreng nama baik nya sndiri... Smua org suka skrg benci sama dia.. M
53,negative,"Biasalah kalo pelakor banyak yang lbh ancur mukanya dari istri sah.. barang bagus pasti cepat laku, karena pelakor jelek nggak laku makanya ngembat laki orang.. ya udah sama2 GATEL kok.. cocok wes..  <USERNAME>"
54,negative,"lama2 ilfil deh sm ni ertong. caption/ig story nya ngomongin org mlu, org kan jd ambigu nilai si a si b si c. udah gt kaya paling di zholimi, salahinnya depan lawan dong jgn ngmg di status ah. kata nya dewasa ??"
55,negative," <USERNAME> ini lagi pemikiran manusia bodoh, eehhh tante/ibu/oma/empo, otak lu picik bngt ya, dia jga manusi biasa ada larangan emang di dunia ini orang di larang ngungkapin unek2???? stupid human"
56,negative,"Heran deh yg ngatain si via baperan ya wajar lah dese baper karena udin muak sama orang yg munafik sok""an baik sama dese, lah apa kabar yg sering baperan sama laki orang ? Ga pada nyadar diri tuh pemujanya att, bukannya pada gotong royong buat nasehatin att ini malah menggila buat muja"" att dan mojokin viaa. Dese juga manusia keles ahh"
57,negative," <USERNAME> itu yg komen via nyinyir mulu duh kyak dia gak pernah nyinyirin orang aja, mungkin lebih parah, kalo org sudah sok bener mah gitu, pdhal ini kan media sosial, hak dia dong instagram juga instagram dia, yg penting kan nyinyir gak pake ig s"
58,negative," <USERNAME> ini lagi pemikiran manusia bodoh, eehhh tante/ibu/oma/empo, otak lu picik bngt ya, dia jga manusi biasa ada larangan emang di dunia ini orang di larang ngungkapin unek2???? stupid human"
59,negative, <USERNAME> bisa nya cuma ngatain org . Nyindir siapa ..netijen goblog banyakan masyako !
60,negative," <USERNAME> cara didik ortunya nagita bagus, makanya amat sangat heran dg balajaer, kan nagita yah yg dirugikan sm junjunganny.. Knp dia yg dibenci, bodoh bgt asli."
61,negative," <USERNAME> pdhl km lebih kampungan loh,pake kerudung tapi mulutnya cuihh.."
62,negative,Belajaer tuh apa ya? Hahahaha bela artis ampe sebegitunya... manusah2 begoh ????????
63,negative," <USERNAME> iya banyak berarti mereka norak kampyuung, coba liat artis yang adem ayem liat isyana liat agnezmo liat mba liaaat..... jangan diliat aja coba di telaah deh, dikasih tau contoh artis yang better eh jawabannya begini ya cocok la"
64,negative," <USERNAME> gak usah sok jadi high class mba, liat komenmu sendiri, memang semua artis itu sama, beda2 mbak, ada yg suka curhat di ig, ada yg curhat ke temen ada yg curhat ke Tuhan.... ngak usah trus mulut situ maju dulu otaknya belakangan mikirnya, yg curh"
65,negative," <USERNAME> lah goblok amat, gak semua netizen yg kontra sm postingan si via ini bakajaer kali, mba/mas. Ih goblok kok dipiara. Lol"
66,negative,Ini siapa sih emg artis? Ko artis indo bukan ny ngurus prestasi malah di sosmed ny beginian mulu isi nya jd jatoh nya kampungan
67,negative," <USERNAME> baru itu aj kn y mba, apa lagi kaya agnes mo bnyk penghargaan ny tp g kampungan beda am yg ini"
68,negative,Munafik bgt yg ngomong curhat di sosmed kampungan... Gua yakin elu juga kitu keleusss wkkwkww..... Mending mba via dia artis cantik bs nyanyi.. La elu pada? Lbh kampungan wkwkwkwkw!!!!
69,negative, <USERNAME>.wawan zzzzz emng ini artis ga punya tmn apa? Dikit dikit att hahaha lagi juga apa apa curhat di sosmed kampungan
70,negative,Lemes ya mulutnya. Berani lewat ststus udah gitu tulisannya sengaja biar ga kebaca takut kali di labrak. Mmmm artis masih kampungan sih ya jadi wajar lah ya ????????
71,negative, <USERNAME> main main lah ke jawa timur.. Biar ga begok!!
72,negative, <USERNAME> bisa nya cuma ngatain org . Nyindir siapa ..netijen goblog banyakan masyako !
73,negative," <USERNAME> dia udah nunjukin karyanya, situ pny karya apa? Karya nyinyir hidupnya Via?? Tolol ??"
74,negative," <USERNAME> siapa bilang gw fansnya Via?? Duh nantangin gw nih org... anak tolol ank alay, jablay!"
75,negative, <USERNAME> yutub apaan ya mba? Aplikasi baru ya? Sy taunya youtube. Mba gak tau apa ya seseorg bs dpt penghasilan besar salah satunya dr youtube loh. Mreka jg di bayar apalagi klo bnyk yg ntn video mreka. Sekolah yg bener deh mba biar pinter. Generasi muda
76,negative,"gue suka gangerti deh yaa, kenapa kalo via vallen bikin status atau apalah itu disangkut pautin ama att mulu?? padahal att nya aja biasa aja.. Fansnya sih yg bikin jelek.. Orang kalo di sangkut pautin mulu jg lama-lama gerah kali.."
77,negative,Jujur aja ya ni org malah bagusan kaga oplas..ada tu foto dia sblm dn sesudah oplas..dioplas mukanya aneh...kyknya gagal oplasnya...
78,negative,Noraaak abiiis... Baru kebeli emas az pamer aplg mainan berlian ciiinnnnn.... ??
79,negative,Before and after pasca oplas ga ngefek ya.. tetep jelek n serem mukanya..ahahahhaha..
80,negative,"Salfok ke mukanya, sumpah jelek... Oplas apaan model begitu... Failed!!!"
81,negative,Norak bener. Kegaet penjahat baru rasa.
82,negative,"Najis..,apalagi d philipine biasa bgt kali,d sana aj bangga..jd perusak moral ko bangga..najis banget liatnya.ckp d sini aj komen ny,dia pngn ngetop lwt nitezerrre.....wkwkwk..ngarep laku"
83,negative,Yang gua bingung jujur kenapa media pada rebutan ngeliput ini orang. Kayaknya cuman net doang media informasi yang masih waras
84,negative,"Bukankah Jedun yg ga becus jadi perempuan terhormat, ga becus jadi perempuan cerdas, ga becus jadi perempuan yg mencari suami sah bukan suami orang, ga becus jadi perempuan yg menghindari narkoba, ga becus jadi perempuan yg menjaga nama baik keluarga... semoga hanya ada satu perempuan yg kayak kamu di dunia ini ya Jedun"
85,negative,"cewe yg bgni yg hrsnya gosong jd abu aja di kebakaran pabrik yg lg viral kmrn tu. bnr2 slain ga brguna, gda otak.. cm modal ngangkang trs gebet laki org trs bangga.. btw klo emg instastory nya buat nyindir sesebini tua mah. ehhh at least biar ga becus jd prewi tp becus cuii jd emak. buktinya anak nya bejibun trs smua pro ke emaknya drpd bapaknya"
86,negative,"Hahaha..kasian ya...gak becus jadi perem...harus ngerebut laki orang dulu biar dikata ""perempuan""? Dasar perempuan tak sadar diri ente cuy."
87,negative,Dasar artis abal abal enggk laku di layar kaca...udh Enggk ada duit kere Miskin..Jadi maen k dukun buat minta elmu pelet perebut suami org yg kaya...
88,negative,"ih dia kan paling becus makrum, paling becus ngrebut suami orang hehe????"
89,negative,Eeee si pelacur. Situ becus jd brempuan emang? Becus jadi sampah sih iya. Edeuuuuuh lonte lonte
90,negative,"Biarin,,,puas puasin mumpung deseu masih brasa muda. Ntar klo dah tua juga nyaho! Karma itu ada."
91,negative,Dia ini punya anak perempuan lho. Ibu macam apa contohin jelek ke anaknya. Jauh dari kata BECUS ini perempuan. Amit amit...
92,negative,Kaya becus aja jd permpuan dia yng g becus jd perempuan ko sukanya sm laki orng heheh
93,negative,Yg gk becus tuh loh jedun...hidup nya cuma bisanya ngerusak kbhgiaan org lain .mau hidup serba mewah tp g mau krja mlh morotin laki org..karma psti akn mnghampirimu????????
94,negative,Gue gak suka sm ni orang. Idupnya kebanyakan ribut.
95,negative,Dasar artis abal abal enggk laku di layar kaca...udh Enggk ada duit kere Miskin..Jadi maen k dukun buat minta elmu pelet perebut suami org yg kaya...
96,negative,"Yg nama ny plagiat ya plagiat, walaupun laku tp tetep ajah ciptaan dri hasil plagiat..wkwkwkwk gua mah ogah dwngerin ajah udh pngen muntah"
97,negative,"Dasar plagiat semuanya, ga bisa kreatip.memalukab bgt"
98,negative,"Dan dengan begonya dia bilang ""apanya yang sama yaaa liriknya aja tentang percintaan gitu kok lagu saya"" bener2 tolol si ayu. Gapunya kuping apa y orang yg dipermasalahin nadanya ????????"
99,negative,Itu pacarnya anggel pietrs kali.... dan cowok itu juga masih bocah....  <USERNAME> yaelah jes.. terxta kelakuan mu sama aja sprti ayuting2 Hidupmu penuh dengan drama MURAHAN
100,negative,"japok gateeel emang,uda jelas dia ada main sama si mamad,sampe"" si jessica dimusuhin,deddy corbuzier aja jijik sama si japok semenjak nagita diundang di hitam putih berarti nagita cerita di belakang panggung,itu aja sih menurut gue"
101,negative, <USERNAME> lebih memalukan anda buk ...ngomong pelakor emang ibuk udah pernah jadi pelakor ya kok bisa tau ayu pelakor wkwkwkwkwk. ..awas ibu nanti malah justru rumah tangga ibu yg dimasukin pelakor atau anaknya nanti jadi pelakor ..
102,negative,Wah itu Kerdus mulutnya busuk...jangan jangan sampah makanannya
103,negative, <USERNAME> TAI loe di gedein bagus buat pupuk jngan bacot loe goblok !!! nih cewek knpa bawa2 suku ?
104,negative,LAH ELO ARTIS APAAN? PAPAN BLENYEK AJA BELAGU AMAT ARTIS APAAN KGA POPULER SAMA SEKALU HAHAHA
105,negative,ANANG MUKA NYA KAYA BABIII GITU AJA DI DEMENIN JIJIKK
106,negative,"Kalau ga suka sama ayu ting ting ga usah separah itu dong ngejudge nya. Punya HATI dan OTAK kan? Dia juga manusia punya kekurangan dan juga punya kelebihan dan dia juga punya perasaan. Jadi jangan seenak nya menjudge orang seperti itu, kaya udah SEMPURNA AJA LO!  <USERNAME>"
107,negative,"Ga pantes dipanggil ustad..org munafik ceramah sana sini org kelakuan sndr aja menzolimi istri sah nya dgn poligami diam2.kacian istri pertamanya,ga tw malu istri keduanya.. hadeh klo ada yg msh manggil dia bwt ceramah namanya bodo.."
108,negative,Biadab!! Klo nanti anak lo di bully.. Gue mampusin ya!!!
109,negative,"Dasar ANJING tuh cowok bukan org, berani sama cowok biasa one by one jangan sama yg lemah, dasar yah cowok2 jaman skrg, casing doank cowok, nyali nya lebih2 dari banci"
110,negative," <USERNAME> iya kasian si micin?? padahal perusahan produk micin mengiklan kan kalo masak ""tambahkan micin biar tambah sedap"" netizen menyudutkan mecin seolah semua kebodohan orang yg punya gangguan jiwa ngemil micin??#justiceformicin"
111,negative,Wahh jngn2 ini Vidio lama...kok bajunya norak bngtt seorang ayuu...terlihat murahaan
112,negative, <USERNAME> bego lo ya
113,negative,Editan banget itu. Ya ampun si mommy lambe kehabisan gosib ya buat si pelakor ?????????
114,negative,yah admin nya termasuk golongan pengonsumsi mecin dan pil pcc.. otak lu rusak min?
115,negative,cuma org govlok yg prcya ayu slgkuh sma rafi.buktinya rafi sma gigi skrg baek2 aja..dan ktamu ayu itu pelakor?? SUAMI Siapa yg d rebut woyy?? skrg ayu punya suami?? fikir pke otak mkanya jgn kbanyakan micin kan jdi govlok
116,negative, <USERNAME> hoy barisan sakit hati ?? jijikk banget.. fans billy mah ALHAMDULILLAH bgt billy putus sama manusiaa buluk ituu... itu yg ditunggu lama2 akhiry putus juga.. dan sekarang kobil jg jijik sama ni orang :v
117,negative,"MBA  <USERNAME> KALAU KAMU GAK NGERASA CINLOK SAMA BABANG ANTHONY TERUS KALIAN AWALNYA KETEMU DIMANA SIH? DI SINET BOY KAN? ALAH NGAKU AJAAA. BERARTI KAN MBA DUMANG CINLOK, JANGAN SOK2 BILANG GAK CINLOK ITU NAMANYA PEMBODOHAN . WAJAR DONG NETIZEN BILANG RATU CINLOK KENYATAAN EMANG YA KAN? JANGAN MARAH .... RESIKO JADI ARTIS HAHAHHAA PINTER2 YA MBA KALAU MAU CARI ALASAN HAHAHAHAHA"
118,negative," <USERNAME> Noh urus tu kuin lu, biar ga gatel nempel2 ama laki orng, masyarakat udh tau kali japok gundik janda gatel,udh kenyataan nya begtu KATANYA ANAK SHOLEHAH AGAMA NYA KUAT TAPI MATA KULIAH AGAMA CMA DPT 1,KATANYA AGAMA NYA KUAT TPI HAMIL DI LUAR"
119,negative," <USERNAME> bilang tu sama kuin lu, jangan gesek grepe ama lakik orng, ga malu apa udh hamil di luar nikah, kegatelan amat jadi janda"
120,negative," <USERNAME> please lo jangan bela pelakor,ini semua hukuman untuk si muljem karna uda tega recut suami sahabat sendiri,dia lagi menjalani sanksi sosialnya!! kenapa valakor mesti dibenci?? karna biar ga ada valakor"" lainnya di Indonesia,biar musnah sem"
121,negative,"NAJIS. INI BARU MUAKK, MENJIJIKAN, PELAKOR. JIJIK"
122,negative,Semoga pelakor2 kena karma dan semoga dapat karma yg meninggalkan istrinya yg bwrjuang dg dia dr nol tp setelah sukses selingkuh dan sok jd penguasa ke istri ya..
123,negative,Sedih ya skrg ngamen di kawinan org .. mantan istri mahhhh naik pesawat jet .. bhay pelakor n botakbego ??????
124,negative, <USERNAME> heeehh lo pelakornya yaaaakkk??? Ngapa lo jadi emosi??? Situuu kenal gw??? Kalo berani pake akun asli dong. Pantes pake akun bodong! Ngerebut laki orang juga diem2. ?????????? keceplosan yak pake aku bodong. Ngakak gueeee ?????????? lucu lo!
125,negative,Wkwkwkwk udh gak laku lagi jd nyanyi dhajatan si lonte pelakor
126,negative," <USERNAME> wakakak banyak lah cerita kyk gituu, buat pembelajaran aja.. jgn sampe ni swamik swamik lebih milih ke pelakor drpd istri pertama. Bakalan hancuuurr bookk ga bohong deh. Bakalan kere bakalan kismin bakalan nyungsep. Emang yg ngatur rezeki tu tuha"
127,negative,Ini cwenya yg bego apa cwonya yg pinter ya ?! Emg lakinya kaya ?! Atau macho atau apa gitu plus nya ? Kayanya cuma jago gombal ?? atau maennya gesit ?! Ulala #ngakakabis
128,negative, <USERNAME> kamu itu yg bodoh! Ngapain keluarga depok komen org yg gak ada artinya lagi buat mereka??. ..cuma kalian aja yg hidupnya gak bahagia yg suka menghujat orang dan hidup artis ayu terlalu berpengaruh buat kamu!!. Emang dasar kamu benci ayu..klo
129,negative, <USERNAME> saya mah lihat yg terlihat jelas.. bukan main prasangka kayak elu.elu itu haters kayak dukun...dukun titisan dajjal .. sok Pinter tapi otak kosong?????? sorry ye.. gue bala Nabi Muhammad yg percaya klo udh ditunjukkin 4 saksi Dan bukti.. klo
130,negative,Mata ku sepet baca koment fans ubul empang ..minggir woy bikin rusuh aja nih jaer amis jijik sumpah.soal enji sm cewek lain ttp aja bala jaer nyampah bikin ribut .
131,negative,"Ini siapa sih si enji, hartis kah ? Males banget jijik laki model beginian mah gak ada tanggung jwbnya. Ayu bunting di tinggalin anak gak di akuin, skrg anak udh nongol bilqis cantek eh sampek bini nya ngeposting yg seolah enji kangen anaknya. Najonggg jijik betoll.. Dah deh min gak usah di bahas lagi laki macam begini, hartis aja bukan gak ada panutan yg bisa di ambil  <USERNAME>"
132,negative," <USERNAME> bego nya lagi pede amat ngomong seolah yg dia bilang paling bener, padahal bukti aja kaga ada. Mau keliatan pinter jatohnya bego??"
133,negative,Yang pada bilang enji ganteng bebas slingkuh bego kali. Ganteng pala lu bau menyan. Gada ganteng ganteng nya. Kebanyakan gaya kek mantan bini depok nya.
134,negative,"Sebenarnye cocok enji sama att, sama sama GATEEEEL hahah pantesan si tongtong dipertemukan dgn enji, udh hukum alam klw jodoh kita cerminan diri kita, nah si entong hrsnya bekaca dgn masa lalu biar sadar tp teryata otak 1 M tetep mau di pertahankan jd skrg mlh menjadi jadi guatelnye, sama aja kek enji, hah"
135,negative," <USERNAME> oalaahhh,, semakin banyak aja pelakor ?? laki nya jg kegatelan, tp namanya laki ibarat kucing di ksh ikan jaer gratis ya kga nolak wkwkkwkw"
136,negative,"Begitulah laki2 ya sis, lebih suka pecun2 murahan, daripada prempuan baik2 berjilbab ato pintar. Enji2, kok downgrade sih? Dari pedangdut naik kelas prempuan berjilbab ehh milih sama pecun lagi.. jeleknya seleramu"
137,negative,Motorninja aj songong amat mba org yg punya mobil lamborgini aj biasa wae kok ????????
138,negative,GoBlOk ?????? gua nonton berkali≤ kaget juga ??
139,negative,"Ga usa pake anjing, babi!! ?????? kalo gw bls gitu wkwk"
140,negative,Oh ini toh yang kemaren TIDAK MENGHARGAI KARYA ORANG DAN SEENAKNYA BILANG JELEK BANGET... Aduh itu penganten perempuan nya KEKENYANGAN yah... Ampe kembung gitu perut nya... #pepuraLuGU
141,negative,"Dari awal percaya gimik Raffi gigi dn att...sehingga att peserta keluarga di hujad dn anak ny...di hujad ...semakin kesini penonton semakin di bodohin?? semakin publik tertuju mereka ??????yg kasihan para penghujad ....ga apa"" lah ayu ga ada di pesbukers biar dia ngeluarkn album"" baru single baru setelah para artis halan"" keluar nengri gimik"" apa lagi yoo"
142,negative,"Kalo bener gimmick, bodoh banget si ayu cuma demi rating n popularitas berani taruhin harga dirinya buat di nilai buruk oleh mata masyarakat ????"
143,negative,Susah otaknya diemvang mah bikin rusuh dilapak orang
144,negative,najiiisss kayak si mba dese ga gitu ajaaa. hahahahaha maling teriak maling. ngaca buuuuuk
145,negative, <USERNAME> IYAK KAA HAHAHAHAH geli bgt gasih sama att ih kampung abis:(((
146,negative,"JOGETNYA BIKIN NGAKAKKK ANJIRRRR, KAMPUNGAN BANGET??????  <USERNAME>  <USERNAME>"
147,negative,Bagus la gue berarti ada otak gak kayak lu malu maluin mak lu aja tong akun asli di pake tu yg namanya bego!  <USERNAME>
148,negative,"Yg bego mah elu, ibu mana sih yg mau ngasih contoh buruk ke anaknya , pake mata lo, emg ada di dugem bawa anak , bego sih -_- jaman udah texas , dan gue jamin dijaman anaknya jga pasti udh lebih texas . Selagi ga ngerugiin lo yaudah . Sewot banget ."
149,negative,"Si wanita jahiliyah.. Lesbi , skrg udh py pacar lg. Kasian anaknya. Kmrn di ksh bencana slnya dia tega misahin anak dr bapak nya, dia ktakutan anak nya masuk islam pdhl bp nya g prnh nuntut anaknya memeluk islam. Udh di ksh nikmat anak 3 org, msh aja begajulan."
150,negative, <USERNAME> gw tanya. Emang kador artis beneran? Komen lo tolol sumpah. Masa harus kenal dia buat nilai dia artis atau bukan. Hahaha semua org indo jg pasti setuju kalo kador bukan artis tp cuma celebgram dr kampung. Lo tau kan bedanya artis dg selebgra
151,negative, <USERNAME> hahahaaaa trs gue tanya. Lo tolol? PAke nanya kador bencong atau ngga padahal blm kenal wkwkwkwkw. Eh semua org jg bisa nilai si kador bencong beneran dr gerak gerik melambay suara ngondek dan pake baju cewek begitu nyaman. Mana ada cowok tu
152,negative," <USERNAME> maklumin shaaay... Fans gatis keras itu otaknya bebel, realita seperti apa jg ga bakalan dia terima... Seperti halnya nagita itu artis uda dr jaman dia kecil eh di bilang numpang tenar ke rapi mamad,pdhl kan yg jadiin si mamad gede y PH n"
153,negative, <USERNAME>.bee idih najong lu tag2 org! Nimbrung aja kek mujaer lo! Dia ga bakal terkenal klo ga bawa2 nama ayu ting ting sm nagita! Duh bego dipiara! Kesian
154,negative,"langsung saja bilang siapa yg di maksud, klu gini namanya MUNAFIK!"
155,negative,"Jedar emg muka 2 kali, didepan baik, dibelakang busuk, mulutnya kek banci cucoklah 2 banci tu"
156,negative,AMIT AMIT DEH ORANG JAHAT... PENJILAT PEMBOHONG PELAKOR JIJIK BANGET
157,negative,"Wkwkwkwk... Ya Allah ya Tuhan ku knp lah org2 munafik ni tp sok suci, mulan jamela kan ayu ting2 ngikuti jejak a bukan? Wkwkwk  <USERNAME>"
158,negative,"Dlu si pelakor ini yg sombong krn brhasil dapetin si botak smpe mnceraikan bunda maya,skrg hdp ny mkin anjlok malah bunda maya yg sring jelong2 kluarnegri..??????"
159,negative,Hahhahaha dan sesungguhnya allah swt melaknat wanita perebut dan pezina dengan suami sah oranglain ????????
160,negative,"@w.lina2706 hemmmm capekmiskin sist, skrg blik kere lg jd artis jg g laku, dah lah karma tu pasti ada...  <USERNAME> dr pada sirik nyinyirin nyonya, tuh bantuin jualan cireng nya tuh, cilok nya tuh untunnya buat liburan monaco, jangan bromo trus"
161,negative,Kepo juga sm nyonyiah lu jongos  <USERNAME> emng tetehlu pas hamil peak udeh dinikahin ?? Brojol anak br di sirih EMNG LONTEEEEE kelas akun jamahliur dan junjungan hehe ??????
162,negative,"Eh jongos cba gue duluan yg nanya sm lu .. emng nyonyiah ada gembar gembor udah nikah.. adakah nyonyiah ngaku udeh nikah ???? Dr pada tetehlu yg lonte perek itu tiba"" brojol dan ngaku nikah siri sm laki nyonyiah dan hamidun sapeak anak ilegal dibilng FITNA KEJI haha lonte menolak lupa xixix ??????  <USERNAME>"
163,negative," <USERNAME> sini gua jawab currr ya bunmai sdh pernah nikah Tp sekarang janda dia janda karena suami nya di rampas Mulan jameela,menjijikkan banget ya Mulan jameela sblm rmh tangga bunmai hancur sdh berani bilang Dani suami bersama aduha udh wanita be"
164,negative,"@w.lina2706  <USERNAME> lucu aja ya sist, lonte di bela2 mati2an... Guoblok di pelihara, di bayar berapa gt sama muljamban, sampe bikin account  <USERNAME> mau maia nikah atau blm nikah apa urusan situ, kelihatan nyinyirnya sirik nya. Sekarang balik"
165,negative,"Yaela muljem kyak stu bner aja. Gag inget apa udh ngrusak kbhagian klwrga org. Bego d prtahanin y gini ini,"
166,negative,Banyak lakik doyan banci! Jadi banci & kawinin banci.... jijik!
167,negative," <USERNAME> itu comment yg tidak anda lihat, ada brp banyak. Jangan jadi pengguna medsos yg bodoh jangan asal bunyi. Situ sehat pakai hijab masi nyinyir aja??"
168,negative," <USERNAME> malu tuh sama kerudung kamu sayang, sama ibadah nya. Sholat aja drpd nyinyirin org dandanan udh sok suci mulut nya kaya sampah??"
169,negative," <USERNAME> tolong di baca arti dr comment saya, udah kerdus+bodoh lg bilangin org tua nya besok kalo masak jangan pakai mecin, jd udah kerdungab ga sesuai mulut. Besok makan salmon kalo g mampu besok aku tak deliv ke rumahmu ."
170,negative,"Maaf mukanya jelek terus attitude nya buruk,,spesialis plagiat,,dan ketauan pula ,,,"
171,negative,"ini orang otaknya ga pernah di sekolahin ya? itu resiko ketika udah upload sesuatu di sosmed, ya pasti bakal dapet perbincangan dari netizen. public figure kok ga ada otaknya."
172,negative,Artis kampungan wkwk
173,negative,"Iyaaa gue pernah pacaran? Udah nikah malah, tapi gak seNORAK eloo.. Gak risih emang? Jgn asal aplod, Perhatiin followers lu yg lumayan banyak itu, tar kebawa norak."
174,negative,y ampun pnyanyi dangdut kurang tenar songong bangt BACOTNYA ??pngn nyari sensasi tapi kmpungan bangt deh amit amit bool ko d instastory
175,negative,Waaaaoooo..sopan sekali.. bahasami menunjukkan kelasmu !!! Heeeehh.. yg repot ama hidup lu siapahh ?? Elu live nampilin hal2 gak penting..yg nggilanikk.. menjijikkan..diliat org banyak.. ya pantes lah dikomen..klo gak mw dikomen videoin pribadi aja.. nonton sendiri lu ama kluarga lu di rmh.. nambah lagi niy ertong yg gak pny attutude!! Kampungan!!
176,negative,"Norak sih,kayak ga ada malunya.kl dia bilang terserah dia,ya udah,simpan fotonya.gak perlu dibagi kesemua orang.lah ini dipamer kemana,resikolah dinyinyiri orang.Insecure banget,kudu ya pamer2 gitu biar semua orang ngerti kl si mbaknya udh py pacar yg bisa dipamer2 pantatnya?Kampung bgt"
177,negative,Koq marah sehhh???dasar wanita kampungan...??
178,negative,Kampungan.... Artis yg numpang tenar gara2 mukanya mirip Katy Perry doangÖ
179,negative,Susah kalo artis kampung
180,negative,"Ah min, gue lama2 gak suka sama akun ini nih! Berita nya basi! Lo liat dong min.. itu si kellen sama amora lagi dateng.. pake ikut jingkrak2 kok!! Lo saring dulu dong min.. biar berita nya gak blunder.. lo posting juga tu KD udah posting videon kellen ma amora lagi joget2 ma si arsya arsyi!!"
181,negative," <USERNAME> iya""km bening, kelewat bening jadi buluk kan ya mbak ?? mbaknya baru nelen apasih komen kaya gini? Apa baru kesurupan ?"
182,negative,"kita sekeluarga sangat ngefans dan kagum lihat  <USERNAME> semua nya deh.tapi lihat anak nya yg jelek,buluk kan.  <USERNAME>.hermansyah  <USERNAME> kutuk kan apa yg menimpa bunda KD untung Allah swt sudah menggantikan amora dan adik nya.gemezzzzzzz lihat nya cocok banget jadi Anak artis se class bunda KD ??????"
183,negative,Emang dasar si anak nya aja yg lebay....urusan pribadi di umbar..biar di blow up... hadehh..gunanya whatsapp sms or telp buat apa..suka aneh....
184,negative,"Coba liat bibir mu sayang, seperti pantat ayam. Wajah mu bulukan seperti kentut?? perfectoooo?"
185,negative,Gagal fokus dengar suaranya.. koq jengkel ya dengernya... sorry cuman manusia biasa kalo jengkel????
186,negative,"Muljem ngomong gak jelas blepotan, gak nyadar mau idup enak aja pake rebut laki orang dulu"
187,negative,??lucu ya si yg bikin kata2.bawa2 Tuhan.kalau dah kepepet. Masa dia ga tau ibarat apa org yg merusak rumah tangga org.ibarat merobohkan bangunan masjid mbak nya.bayangin aja seberapa besar nya dosa mu.nasi dah jdi bubur mba nya moga bisa bahagia di dunia.??
188,negative,Iyah bener. Tidak Akan merubah pandangan Tuhan terhadap Kita. Terutama elu Setan!! Makanya mikirrrr.. suami majikan kok diembat!!
189,negative,Gilingan mulan jalang lg kasih ceramah. Hahahaha . dasar cireng gak tau diri gak pernah ngaca. Si cireng lg ceramah sok2 kyk pahlawan kesiangan biar bisa berteman ama sekuter kyk selpii ini.
190,negative,"Ya pandangan Tuhan terhadap lo juga jelek sih gue rasa, dikira perebut suami orang tuh mulia apa dimata Tuhan?????????"
191,negative,"Karna sejatinya kau adalah setan berwujud manusia ,,karna pekerjaan setan ya menggoda manusia ????"
192,negative,Pernah ngga mba  <USERNAME> baca ada netizen yg nyesel ga bs nimpuk telor ke si mulan..gw aja ketawa bacanya krn terwakili. Ya ngapain buang2 wktu ketemu orang gak mutu dng si mulan...msh untung nyempet2in bs nuli? disini biar nyadar tuh pelakor ga punya harga diri. Mending ketemu org baik2 spt bunmai...ketularan aura positifnya.
193,negative,Editanx paraaaahh...oplas aj laaah nyai drpd ngedit2 gn hahaa kn maluuu
194,negative,"jelek,lecek,bantet ??????"
195,negative,Gini amat pengen tenar ya ampuuun...malu kalo jadi anaknya yah kasian
196,negative,"Heran gw mak  <USERNAME> knp dia masih aja di pake ma AN*V di pesbu**r. Kasus ny bederet, skandal bertubi2.... Gk ada malu ny ?? muka tembok ?? sangat gak ada faedah ny nonton acara yg ada si manusia kardus ini ??"
197,negative,"wey org goblok juga bisa bedain vape, shisha sm rokok. jelas jelas lo ngerokok pake acara ga ngaku segala"
198,negative,Jijik saya liatnya...kaya ulet bulu kluget2 gitu...hihihi..ampe sgitunya pengen terkenal...!!
199,negative,Jablay anjir mukanya... Murahan bangetttt najisss
200,negative," <USERNAME>.alycia iya sist jijik banget gw liatnya sok suci ngatain orang kalo gw sih malulah artis papan atas tapi otak gak di fikir kalo ngomong ,ketauan bngt gada wibawanya kalo emang dia nyadar dia siapa seharusnya dia tau cara berkomentar manusia gada yg "
201,positive,yang sabar yaa.. insya Allah menjadi pembuka pintu syurga dan penghalang api neraka bagi kedua orang tuanya
202,positive,Lagu barunya mbak tata kan kisah nyatanya rumah tangga mbak tata.... jadi rasanya mbak tata bener2 sayang get sama suaminya... syukur kalau baikan.... semoga awet...
203,positive,"Yg komen kenapa si mbak ini ga sedih malah ketawa2.. ya iyalah klo kita dah disakiti sm pasangan smpe berlarut2 ngapain juga sih kita sedih ampe depresi segala.. serahin sm Allah aja..bawa happy aja mski sakit.. lagian si mba senyum2 di wajahnya tp hatinya mana tau kan... senyumannya bs jd buat menetralisir kondisi hatinya yg lg terpuruk... ada pepatah bilang ,, klo bahagia jgn trllu bahagia, klo sedih juga jgn trllu sedih... diimbangi aja biar ga gila ??????"
204,positive,"Suka banget sama pasangan satu ini. Semoga gigi dan raffi menjadi keluarga sakinnah, mawaddah, warrahmah. Semoga tidak ada pihak2 yang ingin memisahkan mereka. Jodoh sampai maut memisahkan. Amiin"
205,positive,"Jemima kan anak angkat celine, eleeya anak hubungan celine dan dirly. Dan saya terharu saya tau kalau jemima adalah anak panti asuhan yang dia rawat. Dan wajar kalau stefen lebih pilih celine karna hatinya baik"
206,positive,Lucu yg blg stefan menghabiskn masa muda wkwk.umurnya mah gak muda mukanya aja yg baby face. Bersyukur.bonus buat celinenya?? lah dlu mantannya begimane. Dibawah umur ude pacran mcam laki bini. Hiks. Selepas tu yakin deh susah mengambil keputusan kaya stefan. Tipical cowo yg tnggung jwabnya tinggi
207,positive,Dan lagi ada yg masih bawa2 keenan ????. raisa udah paling berbahagia ngedapetin suami yang super ngemong dan mature kaya hamish. Raisa itu cukup dewasa di banding wanita seumurannya yang masih mikirin dirinya sendiri. Jd menurut gue raisa dan hamish sama2 beruntung bisa menjadi sepasang suami istri. Ga ada tuh gagal move on ???????? so congratz raisa dan hamish. Semoga pernikahannya sakinah mawadah dan warahmah
208,positive,"Raisa cantik yaaa, meskipun artis tapi ga menonjolkan kalo nikah tuh harus mewah, udah cantik, sederhana, sempurna bgt,"
209,positive,"Karna orang yang syudah cantik, ga perlu dandan heboh utk membuatnya terlihat cantik.. dengan makeup yang simple gitu aja sudah mempesona?????? bikin hamish klepek2"
210,positive,Bagus dong.. mencari ilmu kapanpun dimanapun.. itu karena suaminya orang berpendidikan ????????????
211,positive,Sukak cewe cantik dan kmauan blajarnya tinggi ???
212,positive,"Yaampun ini artis bener bener good attitude yang layak jadi panutan. Dia kan bisa aja kuliah di luar negri. Tp karna baktinya sama suami , dia pilih kuliah di wilayah dekat suaminya . Salut banget"
213,positive,"Semangat batman  <USERNAME> kita VA selalu support kamu karna setiap manusia pasti pernah punya kesalahan ???????? ,, dan buat yang lain tolong jangan di bahas lagi pliis karna itu udah 2 tahun yang lalu ????"
214,positive, <USERNAME> y udh .salam knl y mbk seneng bisa knl sm mbk. Sbagai manusia kita saling ingetin.y sbagai manusia kita hrs tau diri jgn sombong yg digedein mentang2 dah jd artis haha..y udh mbk kita cabut ja y dri komen d foto ni nnt kita jd korban dy sel
215,positive,"keren yaaa, kesederhanaannya terpancar jelas. sukak sm keluarga presiden ini??"
216,positive,"Seorang presiden tanpa embel"" gelar .. bangga sekali"
217,positive,Proud of you Indonesia. God bless Indonesia
218,positive,Amazing bngt Miss National Costume. Kereenn!! Bangga ama budaya indonesia ????
219,positive,Ikut bangga pastinya ??
220,positive,PROUD OF YOU KAK DEA. Sangat patut dibanggakan??
221,positive,Suka bgt sm pidatox dy cara pembawaanx bgtu elegan n brwibawah pntas mmg dy mdptkan.salut
222,positive,aku percaya kak niki orangnya jujur semangat kak niki???? hebat
223,positive," <USERNAME>.m sama Mba! Gua jg ga bisa benci Nikmir. Salut malah ama dia ga muna! Artis lain maaf image aja di dpan, sok baik, sok teraniaya n jual air mata. Nikita ini real.. sygnya msyarakat kita cendrung yg dilihat apa yg ada di superfisial"
224,positive,cantik alami tanpa perlu bedak tebel dan gaya bak tante2
225,positive,Cantik dan gagah mudahan lancar dampe hari h
226,positive,"Cantik yang ini dong,penampilannya dewasa yang sesuai. Mukanya cantik Indonesia,classy. Ayu ayu gimana gitu."
227,positive,"Lcb cantikk sangat??, lcb beruntung dapet duren dan duren pun beuntung dpt neng lcb. Sakina mawaddah warahmah Amin"
228,positive,"dia ganteng tidak hanya saat berseragam, tapi ganteng saat menjadi panutan keluarganya.. semoga anak saya memiliki fisik yang elok macam mahluk Allah ni"
229,positive,"Beruntung banget deh mba  <USERNAME> dapet mas  <USERNAME>. Ganteng,baik,sholeh,sayang keluarga.ini suami idaman banget.semoga selalu menjadi keluarga yang SAMAWA"
230,positive,Smoga mas Agus menjadi pemimpin di masa akan datang.salah satu pemimpin yg sukses adalah dia sukses dlm memimpin dlm rumah tangga
231,positive,"Dear...Bpk  <USERNAME> cra berpakain bpk sangat lah mencerminkan kepribadian bpk yg sngt lembut tpi tetap gagah semoga bpk  <USERNAME>&kel selalu dlm lindungan allah swt, salam hormat dri saya yg selalu mengagumi bpk :-)"
232,positive,"Sukses terus kak ayu dan semoga selalu senantiasa dalam naungan Allah SWT, dan sehat selalu amin..."
233,positive,"Smg selalu di berikan kesehatan dan panjang umur yah nek ,muda banget cantik dan MashaAllahhh"
234,positive,Terimakasih Ibu  <USERNAME> serta seluruh keluarga telah memilih Plataran Darmawangsa sebagai tempat acara keluarga Besar. Saya selaku bagian staff di Plataran darmawangsa sangat terkesan dan sangat menunggu kedatangan Ibu dan keluarga di lain waktu. Sehat selalu Ibu dan keluarga. Amin amin ya rabbi
235,positive,"Salam Dirgantara! Terima kasih telah mendukung dan menyebarkan awareness terkait program pesawat R80. Semoga momen emas ini menjadi titik awal kebangkitan industri pesawat terbang Indonesia agar kembali berjaya. Bersama Eyang Habibie, yuk kita satukan langkah terbangkan pesawat R80. Caranya? Langsung klik link di bio kami yaaa ????"
236,positive,"Semangat ya eyang habibie, sehat selalu, selalu dlm lindungan Allah, ambisinya selalu kuat dlm melakukan segala hal. Kereeeennnnn. Semoga bnyk penurus2 bangsa sprti eyang Habibie ????????????????????????"
237,positive,"Memiliki Cucu2 merupakan kebahagian yg tak ternilai, cucu sbg generasi penerus bangsa..."
238,positive,Wahhh Kerenn..... dan saat ini tempatnya semakin bagus Ibu. Kapan kapan Bernostalgia di sana lagi bersmaa keluarga ??????
239,positive,Cantik dan ganteng-ganteng. Sehat selalu untuk mereka dan Bu Ani Sekeluarga ????
240,positive,Barakallah dengan cucu2 yg cantik dan ganteng ... semoga menjadi anak yg sholeh dan sholeha ... menjadi kebanggaan kelg...????
241,positive,Bu  <USERNAME>...cucu bikin hati kita gembira...ngangeni...kadang kangen sama keceriaan mereka...salam kangen buat cucu2 tercinta
242,positive,"Yang kecil lucu, yang tengah ganteng parah, yang gede pinternya ga ketulungan, salam hormat saya bu, pak"
243,positive,Terima kasih pak SBY & ibu Ani yg selalu menemani beliau..& sudah memberikan Kontribusinya yg sangat Luar biasa kepada Indonesia selama 10 tahun memimpin..semoga selalu bahagia & sehat selalu..amin
244,positive,Setiap caption yang di buat ibu..dan setiap kali saya membaca captionnya secara tidak langsung saya belajar bahasa Inggris ... Terima kasih ibu... Secara personal saya tdk mengenal ibu Anie tp saya yakin betapa bangganya Anak Cucumu bisa kamu didik ibu menjadi generasi bangsa yang mandiri dan unggul ... Sehat terus ibu .. Semoga Cinta Kasih dalam Keluarga selalu engkau tebarkan untuk mereka ...
245,positive,"Assalamualaikum ibu yang terhormat. salam dari kami sekeluarga di banda Aceh. kami semua sangat membanggakan keluarga ibu yang sangat membahagiakan kami bila melihat nya. sikap etika perilaku keluarga ibu sungguh sangat bijaksana apalagi mas agus, ibu.. suami saya terlebih lagi sangat yakin pada saat bapak mencalonkan diri jadi presiden dulu beliau sangat bangga pada bapak salam hangat dan perkenalan dari keluarga kami ya bu (Darmanto Rapi photo studio)"
246,positive,"senang liat ibu n bpk sby menikmati hari tua brsama cucu tercinta ,, sehat trs ya memo n pepo ,,, Allah SWT melindungi memo n pepo n kel #kisss"
247,positive,Semangat mebangun indonesia yg lebih maju pak jokowi ????
248,positive,"Artis berkualitas, wajahnya itulohhh berkualitas bgt hihi.. Cantik bangetsss.. Top deh.. Ga pake drama dan gimick idupnya hihi.. Tajir tp. Sederhana"
249,positive,Mba via sptnya siyok melihat kejamnya dunia per artis an... mudah2an tetep sabar tetep berkarya dg baik... ????
250,positive,"Selalu suka sama via,org nya jujur apa adanya kaga gimmick2an hidupnya..hitam ya hitam,putih ya putih..kl ngomong blak2an,kl ngga suka dy ngomong jd ga pura2(gw banget sih),apa adanya ga munafik..sprti ajaran ortu gw..jangan suka memberi senyum kepalsuan????ga kaya artis yg onoh noh yg mulutnya lebar kya gorong2,tukang ngibul,munfik bgt kl ditanya wartawan jg jawabnya,perilaku ama omongan ga balance????"
251,positive,"Go a head Via...... Cuekin ajalah, udah biasa itu dalam pergaulan dunia kerja dan masyarakat biasa, apalagi pergaulan ertong. Pastilah ada yg gatel bin sirik klo liat orang sukses, anggep aja kuman gak usah dibikin status, malah kesenengan mereka ada bahan buat ngetawain. Betul nggak?? ??????"
252,positive,Gagah kali abang borisq ini.. Klo gk bc nmx bner2 gk ngeh klo it bang boris...??
253,positive,Weewww bangga kali ak liatnya bang  <USERNAME> pake baju adat karo.... Syip
254,positive,Bagus banget baju dan pengantinya happy weding
255,positive,MasyaAllah . bagus banget ..
256,positive,Gileee suaraaanyaa.. kereen parah.. sukak
257,positive,Lebih keren dr penyanyi aslinya
258,positive,Kereeeeeeeeeeeeeeennn sampe merinding brrrrr
259,positive,Yatuhan suaranyaaaaaaa bagus bangetttttttt
260,positive,"Keren suaranya super merdu. Coba ikut audisi nyanyi, pasti bakatnya bs tersalurkan"
261,positive,Bagus drpd beberapa artis yg modal tampang doang pdhl suara juga jelek. Mendingan mas ini yg nyanyi. Emg dasar nasib org yak gk ada yg tau. Semoga masnya bisa sukses
262,positive,"Dgrin ini sampe bulu kuduk naik saking bgusnya, masyaallah apik bgt suaranya"
263,positive,Subhanallah tergetar hati dengar suara nya
264,positive,Masa allah suaranya bagus banget cantik lagi orangnya idaman semua cowo
265,positive,"Bagusss suaranya, penampilannya juga sesuai anak sekolahan, natural dan sesuai dengan usia nya"
266,positive,Kerennnn suaranya bagus
267,positive,"Cantik, polos, apa adanya tapi keliatan berbakat. Semoga kalau udah tenar gek jadi selebgram, kalian ga kaya2 si mba Novilda ya dek yg kehilangan arah. Tetaplah begini,jangan cepat tumbuh dewasa dan terus asahlah bakat kalian, Allah bless you both."
268,positive,"Bagus iniii, ga kaya yg pingin terkenal, rambut di alus2in dlu. Muka di makeup dl. Biar dikamera keren hahaha. Kl mereka bnr bnr keliatan lg lelahnya abis pulang sekolah ????"
269,positive,Di ulang berkali kali sampet gak percaya klo ini suara aslinya. Bagus bgt ??
270,positive,Alhamdulillah masih ada kidz zaman niw yg berkarya sewajar seumurannya bukan yg sok gede
271,positive,aduhh kerennnn suaranya enak . nge jazz2 gimanaa gtu . muka mah belakangan aja . ntr klo udh tenar juga muka mengikuti hahahahahaha . skill dlu nomer 1 . ini batu abege jaman now ????????
272,positive,Kereeen nih...enak bgt didengernya...gak bosen puter ulang2...daripada yg lipsing2 gajelas joget2 gtu...
273,positive,waduuhhh...Kereeen bangeeet dedek2 emeesh
274,positive,Klo aku sih yes bingits...coba ya seandaix anak2 buat video sprt gini atau video kreativ lainnya kan bagus dripda buat video mesum..atau ngelem dll yg berbau negativ bikin dosa dan maluin ortu dan diri sendiri
275,positive,Bagussss + dandannya natural ga banyak permak kayak anak jaman now lainnya ????????????
276,positive,Kereeeeennnn padahal nyanyinya santai banget ????????????
277,positive,Polossss...keren....ga neko2 kayaknya...jossss
278,positive,Yesssssss !!!!! Bagus bgt !!! ?????? Kids jaman now yg begini yg diksh jempolllll ????????
279,positive,Wajah2 anak skul bgt yaakk mase alami bgt suka liatnya ???? lagu ma suara keren palg yg pake bando suaranya mantap ??????
280,positive,Keren suaranya dasarnya cantik tinggal di poles dikit bersinar??????
281,positive,"Pembagian suaranya pas bnget,pecah suaranya jg cakep"
282,positive,keren bgt suaranya.tinggal dipermak aja biar tmbh cantik.viralkann....
283,positive,Kereeeennnnnn... suaranyaaahh okkeehh ketjeeehh badaaiik ughllaaaallaa..
284,positive,"Yes yes yes..kirain lypsinc habisnya mirip sih suaranya,eh pas dua2nya nyanyi bareng baru ngeh asli..kereennn"
285,positive,Keren yg penting punya bakat dulu ntar jg klo udah jd artis banyak duit mukanya bisa cemerlang
286,positive,Keren min orang2 yg berbakat kaya gini yg harus di up ke publik????????
287,positive,Kereeen bgt suaranya. Nah kyk gini dong kids jaman now...??
288,positive,mrinding... bagus poll... d jaga ya dek kepolosannya... ???? jng smpek kyk si aw2 dkk.. ??????
289,positive,"Kereenn sumpaah,, kebangetan bagusnya..??"
290,positive,Ya ampun lakikny ganteng. Rini nya juga cantik. Mungil pula skrg.
291,positive,"Suaminya swett... keliatannya syg bgt ma istrinya, ganteng lagi... Haaaaaaa ?? so swett lah... Smg langgeng slluÖ"
292,positive,"Wah Mbak Rini hamil ya ?? Selamat ya mbak semoga kandungannya sehat"" aja & juga mbak rininya , makin bahagia di hamil yang pertama , dan semoga lancar di proses persalinannya nanti ????"
293,positive,"Kasian anaknya,, jgn sampek anaknya rusak jugak kek emaknya yaa"
294,positive,Kalo pasangan cantik + ganteng suka deh liatnya?
295,positive,"Wah akhirnya hamil lagi juga. Selamat ya mbak Sandra semoga kehamilannya makin sehat"" saja , makin fit dan semoga lancar di prosesi persalinannya nanti. Wah udah jadi calon ibu nih"
296,positive,ikutan happy....sukakkk bgt sm nih couple...salah satu pasangan sempurna menurut gw
297,positive,"Pernah lihat di infotainment sebelum nikah, wkt ditanya persiapannya jelang pernikahan, sandra dewi bilang klo dia sama calon suaminya pengen banget cepat punya anak nanti hbs menikah, krn mereka suka anak kecil, bahkan mereka sdh prepare program2 yg akan mereka lakukan klo dlm wkt dekat blm dikasih anak, but finally...congrats...semoga lancar dan sehat trs sampe lahiran ??????"
298,positive,Keluarga ter-humble ter-sempurna ter-sederhana dan engga pernah sok terlihat kaya dan ga pnah manja pake pesawat jet pribadi kayak yg lain lain ??????????
299,positive,"Bunda maia cantik semoga slalu sukses, sehat trs ya cantik wajahnya secantik hatinya"
300,positive,"Artis yg gue kaguminn.. Nikah muda, ga neko2, syg keluarga syg suami,, mengutamakan anak2.. Ga puyeng ama dunia hiburan dan ke artisann.. Padahal tajirrr mampuss.. Plus ga alayy dan ga aneh2.. Salutt ama niaa.. Smiga slalu samawa.. Yaa nia and famzz???????????????????????????????"
301,positive," <USERNAME> iya aku sih jujur bukan fans Nia, biasa aja sama dia, pas dia tenar banget sama sinteronnya juga aku biasa aja. Tapi makin ke sini kalau soal urusan keluarga, aku salut ama dia. Dia kan masih muda ya itungannya, sama aku cuma beda 2-3 t"
302,positive,Smnjk hbs nikah auranya keluarr bgt. Suaminya jg kliatan syg dan nia nya kliatan baik gt tulusss.. sukak deh liatnya.
303,positive,Mngkin s mba nya marah2 krna ad kata2 yg ga enk dr yg komen..wajar lah kl dia marah..toh it kan cuma foto biasa aj.. Ko jadi malah mba nya yg d bully..sampe bawa2 fisik sgala.. Kan ga bgus.. Pinter2 lah kita mnyikapi medsos.. ????
304,positive,Cantik banget yak.. Punya anak cewe begini puyeng kali yak jagain nya ??????
305,positive," <USERNAME> iya betul mba. Ariel gak ganteng. Tapi ariel punya kharisma yg menarik. Udah tua pun skrang agak keriput wajahnya ttp aja kharisma nya sebagai lelaki keliatan lebih terpancar. Buktinya mama, dan tante saya makin tergila2 sama ariel dan sa"
306,positive,"Jadi manusia Saling menghargailah, kalo tulisan yg ditulis itu tidak berguna bahkan menyakiti hati orang lain. Ya sebaiknya tidak usah tulis. Pergunakan sosmed dengan smart ya guys!!"
307,positive,entah kenapa kalo liat  <USERNAME> bergaya apapun ttp kliatan bagus... suka sama lgu nya.. sukses trus kak
308,positive,banyak bangat emasnya.jadi salpok diemasnya.tp sumpah lagunya dan music nya keren bngat.apalagi konsep mv nya ia ambil handel.kan keren menurut saya.kalo denada taro kutang diluar itu krn masih minim perestasi.tp kalo agnes itu hal wajar.prestasi dan dunia fashion kalo artis indonesia ia selalu unggul.krn ia berani meski gak cocok ia pake
309,positive,"Coba deh yang pada kritik2 itu bikin karya sendiri, siapa tau lebih bagus dari yang mereka kritik"
310,positive,"Pada protes kenapa sih??yang protes itu coba usaha deh..Jangan kira usaha dia pendek ya!!.Butuh waktu lama dia agar bisa go international.Jangan cuma protes,klau pengen yang kalian inginkan ya kaliam sendiri dengan cara sendiri agar kalian bisa go international"
311,positive,"Keren, ga suka ma agnes, tp suka ma lagu ini, n jd suka jg ma y nyanyi, santai lagunya tp asyik"
312,positive,"Bandingin lagu Go Internasional yang paling ngena di gue ini seru enak didenger....... Tapi tumben agnes gak memberikan bumbu Indonesianya kaya ada Batik"" gtu atau apa.."
313,positive,"Nah ini baru keren, daripada mba mba superman wkwkwk"
314,positive,"Sumpah gua suka bgt sama lagu dia yg ini, asik bgt di dengernyaa"
315,positive,Enak banget mak lagu2 dialbumnya paling suka yg inih sm beautiful mistake
316,positive,Mantap .gw suka bngt ama agnes.karena dy artis yg bertalenta .dan ke kayaan dy ga pernah dipamer ky artis ygblain.gw suka dy ga pernah pamer.keren bngt
317,positive,enakk musik nyaa . apa lagii lhatt ka agnes nyaa dance kaya nyaa nyamaann dan enakk bgt tuh kayaa nyaa
318,positive,"Asik bgts dancenya,apa lg lagunya mancappppp"
319,positive,Ganteng banget meski aura... Kenceng banget & diragukan.semoga langgeng mami..
320,positive,"Mami depe cantik banget. Awet muda, ngga kalah sm penyanyi pendatang baru. Semoga samawa...  <USERNAME>"
321,positive,Ganteng yesss. Mami cuco deh sama babang. Semoga langgeng ya unchhh lope mami
322,positive,Mbak dewi jadi lebih sabar keliahatannya... Keren semoga semakin langgeng
323,positive,Soal pasangan hidup ijk salut sih sama mami depe.. ga matre n neko2.. yg penting single n cocok doi mau diajak merit.. ga kyk tetangga sblh saking matrenya suami org di embat jg..
324,positive,mau duda mau singgel itu ngak masalah yg penting laki jaman sekarang setia menemani dunia akhirat amin good luck dewi persil sehat slalu dlm berkarya
325,positive,Muantepp ganteng...selamat menempuh hidup baru mg langgeng rumah tanggax bhagia n selladem ayem...??????
326,positive,"Mb depe langgeng yo karo masny.mb ibuku ngefans bgt sm mb depe dri mb sm mas saiful dlu smpe2 blng jdi pembntuny gapapala ktny,pgn bgt ktmu mb depe ibuku kami dijambi mb"
327,positive,Jangan di dengar kata 2 yg menyakitkan hati lebih baik tenang jalanin aja dengan pilihan andah sendiri bahagia itu biasanya ada di kata hatimu maju trus dan sukses bersama pasangan mu
328,positive,"Cakep,ganteng pacarnya dewi persik,udah ini aja jgn ganti lg yaa dewi"
329,positive,"Beruntungnya Bella.. Orang2 jadi fokus ama komen lakinya. Coba kalo ngga, pasti model bajunya yang diceramahin ama netizen ??"
330,positive,Beginilah pasangan suami istri yg normal.. Romantisme hanya dia dan istri yg tau. Ga perlu diumbar.. Tp dijaga. Yg suka umbar kemesraan iti kebanyakan menutupi kenyataan yg sebenarnya.
331,positive,"Naksir Ama ceweknya, kyanya lembut banget Kya bolu ??"
332,positive,Cewex luar biasa cntik... Cowox.. Mmmmhh hehe
333,positive,"Cewenya cantikk, the power of tajir ??"
334,positive,Alhamdulillah lebih ganteng babang Emran ya  <USERNAME> ??
335,positive,"Alhamdulillah  <USERNAME> gak jadi sama yg ini... engku emran masyaallah ganteng, anteng, sabar, sholeh, penyanyang, senyumnya cute.. baper dech"
336,positive,Cantik manis cewe nya .. cocok ajalah
337,positive,"Cewenya manis, cakepan yg skrg Dr yg kmrn ga jd."
338,positive,yg ini lbh cantik sih. hebat jg ni lakik ciwik nya cakep2 lho..
339,positive,Semoga betul klo sma yg ini mh....klo bella mh udah dapet yg amat sangat pas lah????
340,positive,"Semoga ga putus lagi ya. Ka bella udah bahagia banget tuh, ga malu??? ??????"
341,positive,Yaampun cantiikk bangett aslii! Angguunn ??
342,positive, <USERNAME> euum setuju sekaliii emang cantikan ini dari pada yang sebelumnya. Lebih WOW... ?? terbaik ?? terpelihara hehe
343,positive,"Cantiik, senyumnya mirip Maudy Kusnaedi"
344,positive,"Dari kisah jevin radhini rini gue jd belajar 1 hal. ""Kalau memang jodohmu, maka akan ada saja jalanNya"". Gue kebetulan ngikutin dr awal. Gue nonton pas live the remix jevin ngomong 'itu pacar saya nonton' sambil nunjuk radhini. Gue jg nntn pas jevin meluk radhini erat bgt di backstage stlh lolos ke final. Keliatan jevin ini anaknya gentle, tulus dan penyayang. Tapi Allah maha pembolak-balik hati. Mei '15 jevin radhini pcrn, sept '15 jevin rini dipasangin the remix, Des '15 final the remix, jan '16 jevin radhini putus, feb '16 jevin rini pcrn, april '16 jevin ngelamar rini, feb '17 jevin rini tunangan, mei '17 jevin rini nikah. Allah works in many ways??. Allah's plan is better than our plan. Jevin yg dulunya berfikiran akan nikah umur 30, siapa sangka di umur 25 dan dlm waktu pcrn baru 2 bulan udah yakin ngajakin anak orang nikah. Ah, happy wedding soundwave. Bahagia selalu??"
345,positive,"Kalau kita bisa mengartikan jodoh,ini lah yang di bilang jodoh.cantik lahir batin tapi kl ga jodoh perpisahanlah yang terbaik.."
346,positive,Pingkan ni suaranya enak banget.. bindeng2 gimana gt.. berciri khas.. ibarat gw merem denger suaranya gw udh langsung tauk
347,positive,Hatinya terbuat dari apa ya .. Mbaa gigi yang berhati luarbiasanya ajah sampe di benci .. Cobaa sebutin heternya mbaa kesalahan apa yang mba gigi lakukan :'( duhh aku ajah jadi sukak sama sifatnyaaaaaaaaaaa
348,positive,"Suka banget banget nih sama ni artis, gak neko neko, ternyata masih lahiran 1996 ??????"
349,positive,"alhamdulillahhh... ada juga yang ngepost ayangnya Ibel.... biarin deh damai seisi dunia.... masing2 sdh punya pasangan, jadi engga ada lg yang bilang Ibel PHO.... Happy b""day Ibel"
350,positive,"Ini kakaknya murid2ku waktu msh ngajar di sekolah internasional mihil. Anaknya cantik2 dan si ibu dan bpk ramah dan baik bngt. Seluruh sepupunya di sekolah yg sama, yg uang masuknya aja 70 jtan lbh/siswa. G tau skrg brp."
351,positive," <USERNAME> justru karena ka bella sholehah, punya penghasilan sendiri, dan cantik jadi Allah mau kasih jodoh yang lebih baik lagi.."
352,positive,"Mbak bela, nikahnya berdasarkan atas dasar agama mbak yg diutamakan ya. Biar laki2nya dpt yg baik. Saya yakin banyak laki2 yg baik dan kaya raya yg mau nikahin mbak"
353,positive,Duh geulis kitu ditinggal sama yg 'itu' duuuhhhh hahaha jodohnya pasti Allah kasih yg lebih baik Teeeh ??
354,positive,"Bu Ameeel.... udah lama ga ke bank,kangen bu Amel yg cantik,ramah,baik ama kangen tentengannya hihiii ????. Nanya si mba bu Amelnya pindah rumah dan lg hamil. Sehat2 yaa bu Amel,salam buat Annabel"
355,positive,"Ambil positifnya aja mbak toh oma nani yang menjalankan, mau mbak bilang gimana nggak mungkin kan oma langsung cerai karena itu udah pilihan hidup dia gimana jadi lebih baik didoakan semoga langgeng karena menikah juga ibadah heheu  <USERNAME>"
356,positive,"Alesha arti namanya : Yang dilindungi Allah....aamiin yra, ya nak...."
357,positive,Semoga anak nya bsok pas bangun langsung jd dewasa biar bisa bakal jodoh saya???? pasti gedenya ntar sama cakep kek kakaknya Fahri..
358,positive,min mnta doanya jg buat saya mudahan dilancarkan dan selamat saat melahirkan bulan mei ini. Aamiin
359,positive,"Waaah.... Hamil Malah makin cantik, cew kali yeee debay nya.... ??"
360,positive,mba acha cantik banget banget banget !! buat calon ibu yg blm d kasih momongan sm Allah smoga di segerakan ya ??
361,positive,"Gemulai'nya Momo,, Bak Putri keraton Jawa,,, semoga bersatu selama'nya dan cuma Maut yg memisah'kan,, Gbu..."
362,positive,Berasa kaya mau manggung kk  <USERNAME> ?? semoga lancar dan cepat punya momongan biar Ada Princess Kecil MoMo atau gak prince ??
363,positive,"waaahhh sm dokter sigit ya, ini dokter the best banget, baik banget, humble orgnya, recomend banget buat yg mau program dan kehamilan ??"
364,positive,"Ashanti bunda the best, Slalu belain/support anaknya. Mskipun bkn ank kndung??"
365,positive,Smua orng berhak untuk melakukan apapun yg mereka suka.. Asal g mrugikan dirinya ataupun ornglain.. Mau aurel dandan berlebihan atau natural itu hak dia.. Apalagi aurel pinter banget dandannya.. Kliatan cantiiik banget.. ????
366,positive,Beruntung si aurel dpt ibu sambung kaya ashanti .  <USERNAME>
367,positive,salut ma bunda  <USERNAME> .. mskipun ibu sambung.. tpi sellu jdi org yg plingbdpan mmbela aurel n azriel dri pra hatters..
368,positive,"Keren ya ashanty segitu sayangnya sama anak nya(padahal bukan anak kandung), yang ibu kandung aja blm tentu begitu. Ini orang hatinya kek bidadari di tv tv. Beruntung banget itu aurel azriel punya ibu tiri macam dia"
369,positive,"Salut buat Bunda  <USERNAME> slalu yg trdpan melindungi ank""yh...mngalahin ibu kandung sndri yg cma Diam ajj...bt aurel pa yg slah pd dya jga Manusia ciptaan Allah klau pun Dya lbh sgla yh dri yg suka nyinyiir mslh pnampilan brarti dh nasib tuuh orang g bsa sprti Aurel yg lbh baek n bgs dri yg nyinyiiir.."
370,positive,Ibu tiri terhebat..... Ntr palingan klo dah 20an dia baru perawatan .skrg msh muda kasian klo di paksa perawatan .cm ya paling tutup mata tutup kuping skrg mah
371,positive," <USERNAME> aurel itu cantik tau. Pernah liat asli nya kok. Org sirik itu yg menjelek jelekannya. Padahal muka sendiri belum tente lebih cantik dan muda daripada aurel. aurel difoto nampak putib bilangnya suntik putih, kelihatan hitam dibilang gk bisa ra"
372,positive," <USERNAME> Astagfirullah... Mbak tolong ucapannya dijaga ya, ALLAH menciptakan manusia dengan sempurna, kok mbak ngomongnya kayak gitu. Aurel cantik kok, wajar manusia ada kekurangannya. Dan mbak Ashanti wajar belain anaknya, bukan caper ya mbak, sia"
373,positive,"aurel itu perempuan hebat, ingat bgt kejadian zaman pipi mimi ny & dilihat didepan mata dia sendiri. Ga semua anak bs strong kyk dia. Yg nyinyir pasti iri krn aurel bs punya keluarga bahagia kyk skrg. Yg blg bundanya Ash lebay, mungkin blm punya anak. Hati2 sayang..km jg perempuan, nanti bakal jd ibu. Bayangin anakmu yg jd korban bully ??"
374,positive,Ganteng... Ini klo ga salah managernya.. semoga d lancarkan yaa..
375,positive,"Mukanya mirip ,,,insya Allah jodoh dunia akhirat mbk  <USERNAME> amiiii"
376,positive,Cantik banggeett ya kak depe.. ???? gk keliatan loh klo dy pernah nikah.. seperti msh gadis wajah nya.. cantik ???????????? semoga lancar sampai hari H kak depe.. bahagia dunia akhirat aammiinnn ??
377,positive,Dadddd :( Semoga bisa dateng yaaa & untuk papa-papa diluar sana. Semoga sehat selalu & bisa menjadi saksi anak-anaknya saat menikah. AAMIIN!????
378,positive,Semoga dilancarkan nikahnya dan ayahnya lekas ditemukan dalam keadaan sehat tanpa kurang suatu apapun :)
379,positive,Semoga aja nikahannya lancar y mb. Jgn berlarut sedih kl bapak tirinya gak datang yg penting bapak kandung datang. Mungkin sj ada alasan anak kandung dari bapak tersebut melarang. Mungkin sj bapak itu udah balikan sama istri pertamanya. Dan kl sibapak datang itu berrti akan mengingatkan cerita lama. Mungkin yaa..
380,positive,"Yea pak polisinya pinter hahahaha.. langsung belok, SIM nembak, gatau rambu2. Malah minta surat perintah yaelah lu pikir rumah lu mau digeledah ??"
381,positive,Ini mau nikah lagi baguass deh smoga kelak jd kluarga yg samawa
382,positive,Lucu.... suaranya kak abbey cantik kayak orang nya.... ?????????????? terharu....
383,positive,Pernah ketemu sama mba artika sari disesemall di Jakarta...ampunnn ayunee...mana semampai....murah senyummm....cakep pisan lah
384,positive,"Bener kata pepatah Yess, Buah Jatuh gak Jauh dari PohoN nya... Cantik Nya dapet dari Mama_Nya, Suara Bagus dan Pinter nyanyi dari darah seni Papa Nya.. #calon generasi hebat di masa depan"
385,positive,"Bahagianya punya anak cantik berbakat, bersyukur bnr dapat titipan demikian indah"
386,positive,Semoga di berikan kesehatan dan rezeki yg berlimpaah pak ??
387,positive,Semoga selalu sehat dan dimurahkan rejekinya ya Pak
388,positive,"Pria setia, pekerja keras tdk malu pilih-pilih cari nafkah sangat sedikit sekali yang banyak kebalikan..beda bgt sama seseorang yang kenal. Mentang2 ganteng, milih nganggur ketimbang jd ojol. Udh gitu istri diselingkuhin lagi. Baik kalo ada maunya ????"
389,positive,"Doa istri dan anak menyertaimu bang... lelaki yg bertanggung jawab itu sangat PERLU, karna kalo laki2 tanggung jawab otomatis dia akan sayang dgn anak dan istri. Beda dgn sayang yg belum tentu bertanggung jawab ??????"
390,positive,Ya Allah bahagia itu gak harus dgn cara yg mewah sesederhana begini aj deh bahagia bisa komunikasi dgn keluarga ??
391,positive,"Mereka hanya mencari rejeki utk keluarganya, kalau ada yg merasa tdk berkenan tolong jangan menggunakan kekerasan"
392,positive,"Salut sekali Banting tulang demi menghidupi keluarga.yg duduk di bangku empuk,pakai AC Malah merampok.yg milih rakyat jelata lagi"
393,positive,"Amin, smg selalu di lancarkan n di mudahkan rejeki nya.. jd inget waktu suami sy jg gojek dulu, srg nlp nanyain anak istri nya udah mkn atau blm.. pdhl mgkn dia sendiri entah sempet mkn atau ngga, walaupun hujan2an n panas2an tp ga penh mengeluh.. selalu menyempatkan komunikasi n ttp keep in touch di sela2 kesibukannya. Bangga n ttp berjuang y ms gojek krn anak n istri selalu mendoakan yg terbaik.."
394,positive,"Respect dengan istri n anak2 nya yg menunggu dengan sabar dirumah insya Allah ,Allah swt selalu menjaga nya."
395,positive,"Laki-laki yang beneran berjuang unt anak istri, membahagiakan istri insyaallah di dunia mendapat rejeki yg ga disangka-sangka di akherat akan ada surga kelak amiin"
396,positive,"Bangga sama suami yg selalu ingat istri disela waktunya, apapun profesimu... Kaulah juaranya. Sehat terus pak gojek, semoga lacar rejekimu. Amiiin...."
397,positive,Apaoun pekerjaannya yg penting halal u tuk menafkahi keluarga ... Semangat pak
398,positive,Gojek itu mayoritas pegangguran yang lama gak kerja trus hampir putus asaa tapi tibatiba ada lapangan pekerjaan yang gak harus pake ijasah terakhir.. ini sungguh lapangan kerja yang sangat membantu sekali menurut saya ??
399,positive," <USERNAME> aslinya cantik dan ayu loh mbak krn aku sudah bertemu langsung juga sesembaknya sangat ramah tidak sombong seperti mantan2 yg lain hhe maaf ikut nimbrung ,kalo makeup dibuat senatural mungkin krn sesembaknya memang mau menonjolkan wa"
400,positive," <USERNAME> suami saya seumuran sama saya mba, malah tuaan saya beberapa bulan tapi alhamdulillah suami saya gak kekanak kanakan hehe"