Id,Text Tweet,Sentiment
1,<USER_MENTION> #BOIKOT_<PROVIDER_NAME> Gunakan Produk Bangsa Sendiri <PROVIDER_NAME>,positive
2,"Saktinya balik lagi, alhamdulillah :v <PROVIDER_NAME>",positive
3,Selamat pagi <PROVIDER_NAME>  bisa bantu kenapa di dalam kamar sinyal 4G hilang yang 1 lagi panggilan darurat saja  <URL>,negative
4,Dear <PROVIDER_NAME> akhir2 ini jaringan data lemot banget padahal H+ !!!!,negative
5,Selamat malam PENDUSTA <PROVIDER_NAME> ,negative
6,Untuk penembakan paket dari <PRODUCT_NAME> masih gangguan ya <PROVIDER_NAME>,negative
7,"<PROVIDER_NAME>  aku pakai <PROVIDER_NAME>, paket <PRODUCT_NAME> nya udah off tapi gantinya ada paket <PRODUCT_NAME> yg bisa gratisan youtube, senang banget <PROVIDER_NAME>",positive
8,RT <USER_MENTION>: <PROVIDER_NAME> tak ada lagi dalam kamus perhapean saya. #Boikot<PROVIDER_NAME> <URL>,negative
9,keluhan gak ditanggapi. bikin emosi aja. pulsaku dicuri terus. soak deh. masa setiap hari pulsa berkurang 1500-2100 bisa 2-3*/hari,negative
10,#Bilboard iklan <PROVIDER_NAME> kok ada pesan tersembunyi? #Boikot<PROVIDER_NAME> #Ramadhan <URL>,negative
11,"<PROVIDER_NAME> mampus!!!!! bulan puasa, subuh2 mau sahur cek pulsa tersedot terus. dan sekarang sisa 30 ribu <PROVIDER_NAME> Tolong dibaca!!!",negative
12,<USER_MENTION> Pernah coba pakai <PROVIDER_NAME> tapi parah koneksinya ,negative
13,"Setuju, <USER_MENTION> silahkan boikot saja pelanggan <PROVIDER_NAME> pendukung #HRS <URL>",negative
14,"Dibela belain daftarin kartu 4G tunggu sejam siang2 sambil puasa, sampai rumah sinyal 4Gnya gak ada, adanya di kota!, <PROVIDER_NAME>",negative
15,<PROVIDER_NAME> datanya kok sering hilang <PROVIDER_NAME>,negative
16,#internetlelet  <PROVIDER_NAME> ga sesuai iklan ,negative
17,<PROVIDER_NAME> <PROVIDER_NAME> kangen nih dapat kiriman pos marchandes nya <PROVIDER_NAME> langsung dari pak pos nya ,positive
18,"yang katanya 150MBPS kecepatanya cuma 3kbps, kuota full. Ga bisa buka google? Udah bikin nguras uang dan baterai… <URL>",negative
19,kuota #internet <PROVIDER_NAME> masih banyak tapi koneksi internetnya LAMBAT BANGET! #<PRODUCT_NAME> <PROVIDER_NAME> #4G #lte… <URL>,negative
20,Ampun... Sinyal 4G <PROVIDER_NAME> lemot seperti siput. Acara live streaming jadi terganggu. Mundur terus <PROVIDER_NAME>,negative
21,Jaringan <PROVIDER_NAME> di Nabire bagus? Itu hanya berita HOAX #HOAX <PROVIDER_NAME>,negative
22,Makin jelek jaringan di takalar <PROVIDER_NAME>,negative
23,Jadi stabil disini. <PROVIDER_NAME> <URL>,positive
24,#CUG <PROVIDER_NAME> #Community Sangat Cocok Buat Komunikasi Antar :. - Keluarga. - Rekan Bisnis / Kerja. - Sekolah / Kampus. - Hubungan Jarak.,positive
25,<PROVIDER_NAME> <PROVIDER_NAME> ini kualitas provider <PROVIDER_NAME> gangguan trouble mahal berhari2 #useless4g <URL>,negative
26,<PROVIDER_NAME> <PRODUCT_NAME> sinyalnya tai...,negative
27,Jaringan internet <PROVIDER_NAME> di sumba timur parah....,negative
28,"Dengan ajaib kuota hilang, usage diberikan bahkan bukti penggunaan tidak melebihi batas. <URL>",negative
29,"Bertahun tahun pakai <PROVIDER_NAME>. Masa aktif sampai 2018 karena seringnya ""bayar"" untuk dapat pelayanan yang memuaskan",negative
30,cepat banget data <PROVIDER_NAME> habis <URL>,negative
31,<USER_MENTION>: Apa gak kurang tolol namanya. <PROVIDER_NAME> provider gak ada urusan sama semua Chat App! ,negative
32,"mungkin <PROVIDER_NAME> benar, berarti tinggal #whatsappNotSave <URL>",negative
33,"Hore,,, Akhirnya ada sinyal 4G <PROVIDER_NAME> di Sambu",positive
34,Alhamdulilah dikunjungi para vendor mitra <PROVIDER_NAME> ke #klinikKUMSda… <URL>,positive
35,Terlambat ikut <PRODUCT_NAME>... Jelaslah jaringan <PROVIDER_NAME> lemot...,negative
36,"<PROVIDER_NAME> tega, Menyampaikan pesan kok suka telat,, bikin #BAPER",negative
37,Jaringan 4G kecepatan 2G <PROVIDER_NAME>,negative
38,Paket extra combo kok lemot ya <PROVIDER_NAME>,negative
39,Kenapa! Masa buka Facebook aja gak bisa <PROVIDER_NAME>,negative
40,"Rugi isi kuota <PROVIDER_NAME> jaringannya busuk banget, dirugikan ..",negative
41,solidaritas perlu.. tapi perasaan lebih penting lagi dari solidaritas.  ngomong dong <PROVIDER_NAME>,negative
42,<PROVIDER_NAME> 1berbagi tanpa kuota 2 berbagai kapan saja <PROVIDER_NAME> bagi berkah <USER_MENTION>,positive
43,"<PROVIDER_NAME> bagi berkah 1video ngabuburit dengan anak, video sahur bersama keluarga, video pakai baju koko baru, <USER_MENTION>",positive
44,Koneksi <PROVIDER_NAME> di daerah #sawojajar kota #malang seminggu ini lemot parah ? lagi gangguan kah? <PROVIDER_NAME>Care <PROVIDER_NAME>,negative
45,"Saya pakai <PROVIDER_NAME>, meski <PROVIDER_NAME> lebih greget dalam hal network and speed, setidaknya <PROVIDER_NAME> lebih irit buat anak kere seperti saya.",positive
46,#Boikot <PROVIDER_NAME> harusnya #boikot<PROVIDER_NAME> kartu mahal!. lebih bagus juga <PROVIDER_NAME>,positive
47,<PROVIDER_NAME> <PROVIDER_NAME> Berbagi berkah,positive
48,Baru isi kuota ... tapi baru 2 menit langsung habis kacau. <PROVIDER_NAME> <URL>,negative
49,Sinyalmu jelek banget sih akhir akhir ini <PROVIDER_NAME>,negative
50,#Boikot<PROVIDER_NAME> Pergerakan masif PKI dan antek2nya melalui iklan <PROVIDER_NAME>. Mari hancurkan PKI melalui #Boikot<PROVIDER_NAME>,negative
51,Alhamdulillah masih #setia dengan <PROVIDER_NAME>.. jangan menari di tabuhan gendang orang lain.. selamat isya dan tarawih... ,positive
52,"Aku kira diganti pulsaku. udah komplain sana sini, kok cuma php, <PROVIDER_NAME>",negative
53,Sinyalmu kenapa <PROVIDER_NAME>,negative
54,<PROVIDER_NAME> musuh Ulama #Boikot<PROVIDER_NAME> <URL>,negative
55,RT <USER_MENTION>: sudah lama gak pakai <PROVIDER_NAME>,negative
56,Saya gak benci tapi kelakuan <USER_MENTION> yang bikin #Boikot<PROVIDER_NAME>  Pendukung #PKI coba kamu lihat iklan <PROVIDER_NAME> ada gambar palu arit,negative
57,RT <USER_MENTION>: <USER_MENTION> HT Nya #PuasPake<PROVIDER_NAME> Noh. aku pakek <PROVIDER_NAME> Gimana thu..…,negative
58,"<PROVIDER_NAME> bisa gak sih kuota 4G digabung saja sama 3G, sayang gak terpakai mubazir... Mubazir itu temennya setan lho!! <PROVIDER_NAME> ",negative
59,"Rejeki pejet2.., semoga ke depan dapat samsung J5..#<PRODUCT_NAME> <PROVIDER_NAME> Medan, Indonesia <URL>",positive
60,Asik juga kencang begini ? <PROVIDER_NAME> <URL>,positive
61,Buat apa beli paket 4G jika jaringan internetnya masih Edge <PROVIDER_NAME> <PROVIDER_NAME>,negative
62,Bagaimana ini <PROVIDER_NAME> 4G tapi lemot,negative
63,Nelepon ke sesama <PROVIDER_NAME> pulsa 20.000 cuma cukup buat 23 menit? <PROVIDER_NAME> BANGSAT..............<PROVIDER_NAME>…<URL>,negative
64,Signal 4G <PROVIDER_NAME> bekasi kenapa? Gak bisa internetan sama sekali dari tadi subuh,negative
65,<PROVIDER_NAME> tarif Internet Super Kuota naik lagi. Negara lain internet makin murah kok <PROVIDER_NAME> makin mahal? ,negative
66,JARINGAN <PROVIDER_NAME> tidak ada SINYAL untuk wilayah Sindangkasih - ciamis <PROVIDER_NAME> ,negative
67,<PROVIDER_NAME> terimakasih <PROVIDER_NAME> akhirnya menang pointastic deal dari <PROVIDER_NAME> #PointasticDeal <PROVIDER_NAME> <URL>,positive
68,"<PROVIDER_NAME> kalo bukan karena nomer sudah lama, pasti sudah dibuang saja dari dulu. <PROVIDER_NAME>",negative
69,<PROVIDER_NAME> jadi yang dizalimi bukan cuma saya ya? <PROVIDER_NAME> <URL>,negative
70,mantap ini. #4g #LTE <PROVIDER_NAME> <URL>,positive
71,Sinyal jelek! Komplain gak direspon! #Boikot<PROVIDER_NAME> <PROVIDER_NAME> <URL>,negative
72,"Alhamdulillah mulai hari, ini 2 kartu telpon dan 2 kartu internetan kami gak pakai <PROVIDER_NAME> lagi. #Boikot<PROVIDER_NAME>",negative
73,#Boikot<PROVIDER_NAME> bentuk tekanan masyarakat agar perusahaan publik sekelas <PROVIDER_NAME> lebih berhati-hati ke depannya… <URL>,negative
74,<USER_MENTION> <USER_MENTION> <PROVIDER_NAME> Alhamdulillah saya gak pakai <PROVIDER_NAME> dari dulu #Boikot<PROVIDER_NAME> ,negative
75,Saya dulu memimpikan pakai <PROVIDER_NAME>.  Tapi sekarang gak mimpi lagi.  Setia saja sama <PROVIDER_NAME> walau mahal sedikit. Ikutan #Boikot<PROVIDER_NAME>,positive
76,"jauh sebelum ada aksi #Boikot<PROVIDER_NAME> saya tidak pakai <PROVIDER_NAME> lagi,  sebab <PROVIDER_NAME> masih lebih bagus maaf bukan iklan tapi kenyataan",positive
77,<PROVIDER_NAME> yang terbaik ini peserta nya… <URL>,positive
78,RT <USER_MENTION>: Teman sehari hari. #<PROVIDER_NAME> <PROVIDER_NAME> #<PROVIDER_NAME> #telecommunications… <URL>,positive
79,<PROVIDER_NAME> jelek banget sinyalnya <PROVIDER_NAME>,negative
80,"Saya bisa ke Sydney karena program <PROVIDER_NAME> & itu GRATIS! ada 22 Mahasiswa. Belajar dn liburan, kalian para hacker intropeksi sana",positive
81,Internet mahal turunkan harga paket <PROVIDER_NAME> ,negative
82,Selalu pakai <PROVIDER_NAME> belum pernah pakai <PROVIDER_NAME> dan merasakan <PROVIDER_NAME>lemot Meski <PROVIDER_NAME>mahal tapi dibarengi dengan kualitas,positive
83,"Webnya <PROVIDER_NAME> dibajak ya?  Cie dibajak. Semoga habis ini paket2, spam2 dan promo2nya makin subur.  <PROVIDER_NAME>",negative
84,CS <PROVIDER_NAME> <PROVIDER_NAME> emang paling fast response sama keluhan konsumen. Beda dengan operator sebelah! #opinipenjualpulsa,positive
85,"Ini prinsip soalnya <PROVIDER_NAME> lebih murah dari <PROVIDER_NAME>, masalah sinyal disini Alhamdulillah kencang karena di kota besar kok",positive
86,Terbaik Buat <PROVIDER_NAME> <PROVIDER_NAME>,positive
87,Kembali ke paketan <PROVIDER_NAME> <PROVIDER_NAME>,positive
88,<PROVIDER_NAME> Mantap di Sumedang <PROVIDER_NAME> ,positive
89,"<PROVIDER_NAME> semakin kesini semakin mahal, jaringannya 4G tapi lelet, pesan masukku penuh isinya pesan promo yang nyedot pulsa semua <PROVIDER_NAME>",negative
90,Tolong dong kensinya di benerin di wilayah keramat jati. Kenapa lemot !!!! <PROVIDER_NAME> <PRODUCT_NAME> <PROVIDER_NAME>,negative
91,"Sinyal kami paling kuat KATANYA. internetku di jakarta lemot parah, 3g aja gak dapat. makin hari makin jadi ini provider <PROVIDER_NAME> <PROVIDER_NAME>",negative
92,Keamanan <PROVIDER_NAME> dong yang harus ditingkatkan! Bikin rugi pelanggan aja..!! <URL>,negative
93,harga jual & jumlah per rupiah dari kilobyte internet... memang <PROVIDER_NAME> juara mahalnya sih tsel vs <PROVIDER_NAME> <PROVIDER_NAME> ,negative
94,<PROVIDER_NAME> <PROVIDER_NAME> kenapa jaringan 4g di sembungan bangunjiwo kasihan bantul sudah 3minggu sangat tidak stabil. kuota <PROVIDER_NAME> terbuang,negative
95,<PROVIDER_NAME> <PROVIDER_NAME> apakah setelah mendapat banyak customer sekarang 4G di Sembungan Bangunjiwo Jogja jadi gak stabil?,negative
96,Sinyal macam apa ini? Ping game aja segede itu. Sinyalnya seperti tai. <PROVIDER_NAME> ,negative
97,lebih baik <PROVIDER_NAME> ,positive
98,Malas banget yang 12Gb jadi 6Gb <PROVIDER_NAME> masalahnya harga sama mahalnya - jaringannya sama dan free YouTubenya gak terpakai jamnya hadeh,negative
99,Yang gratisan memang menyenangkan <PROVIDER_NAME> <PRODUCT_NAME> <PRODUCT_NAME> #kuotagratis <URL> ,positive
100,Pindah provider saja kali ya buat internetan #kuning lemot... Dengar dari teman si #biru lebih bagus <PROVIDER_NAME> <PROVIDER_NAME>,positive
101,"tolong lakukan reset di nomor saya  Jaringan lemah, memakan waktu lama untuk open page web #LEMOT #JARINGAN #LTE <PROVIDER_NAME> <PROVIDER_NAME>",negative
102,<PROVIDER_NAME> <PROVIDER_NAME> yg semakin kekinian bikin keki.,positive
103,kecepatan internet di ciwidey segini...  mantap <PROVIDER_NAME> #4glte <USER_MENTION> <URL> …,positive
104,"Jaringan 4g <PROVIDER_NAME> di cimahi kenapa yah,  kok lambat ?, sudah 4 hari ini.  Tapi kalo di kota bandung lancar jaya.. ",negative
105,"<PROVIDER_NAME> parah, cuma bisa di 3G <PROVIDER_NAME> <PROVIDER_NAME>",negative
106,<PROVIDER_NAME> Koneksi 4G rasa GPRS <PROVIDER_NAME> ,negative
107,Kapan nih akses data di kecamatan cisewu kabupaten garut bisa 4G,negative
108,<PROVIDER_NAME> <PROVIDER_NAME>4GLTE <PROVIDER_NAME> #BOGOR #AREA  <URL> … UDAH 3 BULAN TIDAK ADA TANGGAPAN YG JELAS ,negative
109,"tidak direkomendasikan, baru coba paket <PROVIDER_NAME> mingguan, tes pakai twitter 30menit pulsa terus berkurang, langsung unreg. <PROVIDER_NAME>",negative
110,Nonton gratis dibayarin <PROVIDER_NAME> poin  <PROVIDER_NAME> <PROVIDER_NAME>poin ,positive
111,"Belum lama pakai <PROVIDER_NAME>, alhamdulillah selalu bermanfaat sinyalnya. #gsm #handphone <PROVIDER_NAME> #Simpati",positive
112,Terimakasih <PROVIDER_NAME> <URL> ,positive
113,Makin mantap saja si <PROVIDER_NAME>. Sekali SMS tarifnya 300. ,positive
114,"alhamdulillah sudah beres pakai <PROVIDER_NAME> <PROVIDER_NAME>, daripada nunggu konfirmasi <PROVIDER_NAME> yg gak akan pernah datang. #janji… <URL>",positive
115,<PROVIDER_NAME> terimakasih <PROVIDER_NAME> akhirnya menang <PRODUCT_NAME> dari <PROVIDER_NAME>  #<PRODUCT_NAME> <PROVIDER_NAME> ,positive
116,Asik juga kencang begini <PROVIDER_NAME> ,positive
117,Terimakasih ya <PROVIDER_NAME> gratis 4Gnya ayo buruan upgrade <PRODUCT_NAME>,positive
118,"Upload video 1GB kurang dari 4 menit, memang mantab ini kecepatan <PROVIDER_NAME>",positive
119,Dapat bonus kuota 2GB dan 100 menit nelpon ke semua operator dari <PROVIDER_NAME>  <PROVIDER_NAME> <PRODUCT_NAME> <URL> ,positive
120,Kuota masih AMAN <PROVIDER_NAME> #capture #kuotaaman Di Kota Mamuju <URL> ,positive
121,Masih ada yang hemat <PROVIDER_NAME>,positive
122,Pakai paket <PRODUCT_NAME> <PROVIDER_NAME> irit.  <PROVIDER_NAME> <PROVIDER_NAME> <URL> ,positive
123,"dibuang sayang karena terlalu setia, lagipula nomernya bagus  <PROVIDER_NAME> <PROVIDER_NAME> <URL> ",positive
124,Baru merasakan segitu besarnya ping.. 36604 ribu lumayanlah buat bukber <PROVIDER_NAME> <PROVIDER_NAME>,positive
125,Itu yang pada nulis disertai hashtag <PROVIDER_NAME>Lemot hidupnya dimana sih? Saya di Ungaran sini kok pakai <PROVIDER_NAME> lancar2 aja tuh.,positive
126,Makanya pakai <PROVIDER_NAME> 60 ribu dapet 9giga. <PROVIDER_NAME> <PROVIDER_NAME>dihack <PROVIDER_NAME> <PROVIDER_NAME>mahal,positive
127,mending pindah ke <PROVIDER_NAME> aja <PROVIDER_NAME>,positive
128,"Saya pakai <PRODUCT_NAME> <PROVIDER_NAME> <PROVIDER_NAME> karena jelas, terjangkau .. pake <PROVIDER_NAME> <PROVIDER_NAME> <PROVIDER_NAME> gak jelas, mahal",positive
129,"Siapa yang mau ditelpon, mumpung ada gratisan nih ...  <PROVIDER_NAME>",positive
130,Tumben <PROVIDER_NAME> murah hati padaKu #onlyForU Jangan2 semua pelanggan diginikan.,positive
131,"Canggih nih, nambah hari malah nambah kuotanya . #kuota <PROVIDER_NAME> <PRODUCT_NAME> #4g <URL> ",positive
132,<PROVIDER_NAME> PENUH DENGAN BONUS <PROVIDER_NAME> ,positive
133,"Sinyal <PROVIDER_NAME> hebat, sampai puncak Halimun masih tetap on, mantap ",positive
134,Nelpon 1.000 Dapat kouta 1gb,positive
135,Makin betah aja sama kamu..  :v   #operator  :v <PROVIDER_NAME> ,positive
136,lumayan ini murah meriah <PROVIDER_NAME> ,positive
137,"WOW, Saya baru mendapatkan hadiah fantastis dari <PRODUCT_NAME>! <PRODUCT_NAME> membuat semuanya jadi simpel <URL>  <PROVIDER_NAME>",positive
138,"Cuma Modal Isi Pulsa 10ribu dapet 2GB Gratis dari <PROVIDER_NAME> :v Tumben Lagi baik, semoga Promonya makin murah murah <PROVIDER_NAME> :D . . <PROVIDER_NAME>",positive
139,Ajaib min <PROVIDER_NAME> kartu saya bisa diisi pulsa & digunakan kembali.. terimakasih ya <PROVIDER_NAME>,positive
140,Mantap deh <PROVIDER_NAME>. Cuma isi pulsa 25ribu dapat bonus paket data 3GB. Terimakasih juga <PROVIDER_NAME> atas pelayanannya. <PROVIDER_NAME> #mantapjiwa,positive
141,terimakasih paket data sudah aktif  dan normal. terimakasih <PROVIDER_NAME> cukup puas dengan pelayanannya. <PROVIDER_NAME> <PROVIDER_NAME>,positive
142,banyak Perusahaan melupakan hal ini & banyak konsumen menghapus pesan tanpa membacanya menyalahkan padahal sudah diingatkan thanks <PROVIDER_NAME> ,positive
143,Terima kasih <PROVIDER_NAME> !! <PROVIDER_NAME>,positive
144,Hore....<PROVIDER_NAME> Ada sinyal.....thanks <PROVIDER_NAME> .... <PROVIDER_NAME> ,positive
145,Alhamdulillah sambil nunggu subuh bisa melihat lantunan Adhan Styles dari Mekah dan Madinah dengan jelas karena paket Internet <PROVIDER_NAME> saya bagus,positive
146,"Dengan <PROVIDER_NAME> juga bisa lihat youtube selama setahun tanpa kuota, makin keren aja. ",positive
147,Dengan jaringan 4G super cepat dari <PROVIDER_NAME> smartphone kamu terus terkoneksi dan bisa pantau aktivitas di sosial media :,positive
148,Menggunakan medsos harus sebijak mungkin. Apalagi ada fasilitas makin oke kayak FB gratis 30MB & free YouTube/Yonder/Genflix dari <PROVIDER_NAME>,positive
149,"pagi itu, menyegarkan mata selain lari2 kecil, bisa juga dengan nikmatin internet, atau nelpon yang super murah, suara jernih pake <PROVIDER_NAME>. gitu!",positive
150,"Buka puasa sambil streaming di YouTube lancar banget pake <PROVIDER_NAME>, jadi makin setia sama <PROVIDER_NAME>.",positive
151,Selain jaringan 4G <PROVIDER_NAME> yang sangat luas temanku juga bisa nelpon ke operator lain secara gratis & suaranya juga jernih banget,positive
152,Koneksi internet <PROVIDER_NAME> yg lancar sangat  membantu saya dalam menyelesaikan pekerjaaan di hari Jumat sebelum weekend.,positive
153,ayo penuhi viralkan keras #Boikot<PROVIDER_NAME>! Nomor sy nomer <PROVIDER_NAME> cantik dr th2007 lgsg sy buang!Jgn main2 dg umat Islam yg brsatu,negative
154,AYO BUANG KARTU <PROVIDER_NAME> ! #Ruh212 <URL>,negative
155,"Selama ini saya pake <PROVIDER_NAME>, Insya Allah setelah paket yang sekarang kuotanya habis saya akan ganti operator lain #Boikot<PROVIDER_NAME>",negative
156,CEO <PROVIDER_NAME> harus bertanggung jawab. Sudah ada counter perdana HP berhenti jual perdana <PROVIDER_NAME> #Boikot<PROVIDER_NAME>,negative
157,Biar jadi pelajaran buat yang lain... Saya tidak akan pernah pakai produk <PROVIDER_NAME>!!! #Boikot<PROVIDER_NAME>,negative
158,"kenapa pada boikot <PROVIDER_NAME> ya #Boikot<PROVIDER_NAME> mungkin karena sering nyedot pulsa ga tau dipake apa, sms 1 bayar 1000 cuma buat bonus maksa",negative
159,Lumayan #Speedtest Jaringan 4G/LTE <PROVIDER_NAME> Area Tarogong #Garut cukup memuaskan <PROVIDER_NAME> <URL>,positive
160,Uji kecepatan <PRODUCT_NAME> #opensignal-ku di <PROVIDER_NAME> 3G <PROVIDER_NAME> disini jelek,negative
161,Tolong di urus segera saya ga mau bayar data yang saya ga dapet datanya <PROVIDER_NAME> <PROVIDER_NAME>,negative
162,Nonton gratis dibayarin <PROVIDER_NAME> poin  <PROVIDER_NAME> <PROVIDER_NAME>poin #passengers…,positive
163,Makasih ya <PROVIDER_NAME> gratis 4Gnya ayo buruan upgrade <PRODUCT_NAME> mu,positive
164,Makan malam gratis hari ini hasil tuker <PROVIDER_NAME> Poin  #7eleven #sevel <PROVIDER_NAME>… <URL>,positive
165,"Mohon di up jaringan 4G di wilayah Morowali, sangat buruk..  <PROVIDER_NAME> <PROVIDER_NAME>",negative
166,Jaringan <PROVIDER_NAME> di Waru Atas arae Site WKP tidak dapat digunakan untuk telpon mohon cek Team <PROVIDER_NAME> ,negative
167,Semakin hari kualitas dan pelayanannya semakin buruk. Selama 5 bulan melakukan pelaporan namun tidak ada tindakan perbaikan. <PROVIDER_NAME>,negative
168,<PROVIDER_NAME> tolong jaringan di MUARA KAMAN diperbaiki... BBM aja ga bisa ngakses...menyambungkan melulu... sudah 3 minggu lebih,negative
169,Uji kecepatan NYATA  di <PROVIDER_NAME> 3G <PROVIDER_NAME> disini jelek,negative
170,Tolong diurus segera saya ga mau bayar data yang saya ga dapat datanya <PROVIDER_NAME> <PROVIDER_NAME>,negative
171,Lumayan #Speedtest Jaringan 4G/LTE <PROVIDER_NAME> Area Tarogong #Garut cukup memuaskan <PROVIDER_NAME> <URL> ,positive
172,Terimakasih ya <PROVIDER_NAME> gratis 4Gnya ayo buruan upgrade <PRODUCT_NAME>,positive
173,Makan malam gratis hari ini hasil tukar <PROVIDER_NAME> Poin   <PROVIDER_NAME>… <URL>,positive
174,ayo viralkan keras #Boikot<PROVIDER_NAME>! Nomor saya nomer <PROVIDER_NAME> cantik dari tahun 2007 saya buang! Jangan main2 dengan umat Islam yang brsatu,negative
175,AYO BUANG KARTU <PROVIDER_NAME> ! #Ruh212 ,negative
176,"Selama ini saya pakai <PROVIDER_NAME>, Insya Allah setelah paket yang sekarang kuotanya habis saya akan ganti operator lain #Boikot<PROVIDER_NAME> ",negative
177,"kenapa pada boikot <PROVIDER_NAME> ya #Boikot<PROVIDER_NAME> mungkin karena sering menyedot pulsa ga tau dipake apa, sms 1 bayar 1000 cuma buat bonus maksa",negative
178,"Buka puasa sambil streaming di YouTube lancar banget pakai <PROVIDER_NAME>, jadi makin setia sama <PROVIDER_NAME>.",positive
179,Koneksi internet <PROVIDER_NAME> yang lancar sangat  membantu saya dalam menyelesaikan pekerjaaan di hari Jumat sebelum weekend.,positive
180,<PROVIDER_NAME> kamu kenapa sinyalnya php <PROVIDER_NAME>,negative
181,Koneksi internet yang sangat menjengkelkan. <PROVIDER_NAME>  #lemot ,negative
182,"<PROVIDER_NAME> Nelpon lebih murah pake JS, kurang dari Rp1/detik. <PROVIDER_NAME> <PRODUCT_NAME> <PRODUCT_NAME>",positive
183,"Terima kasih PT <PROVIDER_NAME> , kiriman GRATIS <PROVIDER_NAME> Home-nya sudah tiba.",positive
184,Kualitas sinyal 4G <PROVIDER_NAME> ikut melengkapi meriahnya festival tersebut. ,positive
185,saya pindah ke <PROVIDER_NAME> yang memang sudah terbukti,positive
186,Ini sinyal H+ palsu. Seperti H+ rasa edge. <PROVIDER_NAME> <PROVIDER_NAME> ,negative
187,Pelanggan <PROVIDER_NAME> <PROVIDER_NAME> yg ada di area #Pandeglangkota dirugikan krn jaringan telponnya rusak dan tidak diperbaiki,negative
188, Hati-hati Tukang Tipu!! <PROVIDER_NAME>,negative
189,Sedih. Pakai <PROVIDER_NAME> 4G gak stabil.,negative
190,Jarigan <PROVIDER_NAME> lelet. Karena gangguan atau rusak ya,negative
191,"Daerah Jagakarsa, pakai <PROVIDER_NAME> sinyalnya jelek, yang satu H+ gak dapat 4G, yang satu dapat 4G tapi gak ada sinyal?",negative
192,<PROVIDER_NAME> cacat,negative
193,Ini baru #koneksi #internet #4g <PROVIDER_NAME> <URL> ,positive
194,<PROVIDER_NAME> BagiBerkah ...gak ada kata susah ..cukup sekali sentuh jadi mudah dan berfaedah,positive
195,<PROVIDER_NAME> tumbang di kota Semarang,negative
196,Kuotaku masih banyak internetan aja gak bisa <PROVIDER_NAME> <PROVIDER_NAME>Care <PROVIDER_NAME> ,negative
197,Selalu Lemot <PROVIDER_NAME>,negative
198,<PROVIDER_NAME> BerbagiBerkah karena berbagi itu menyenangkan apalagi sama orang yang kita sayangi.,positive
199,Santai pakai <PROVIDER_NAME> <PROVIDER_NAME>4G <PROVIDER_NAME>BagiBerkah bisa diandalkan,positive
200,banyak yang masih setia memggunakan <PROVIDER_NAME>,positive
201,"Yang saya pengen <PROVIDER_NAME> selangkah lebih maju dari yang lain baik layanan ataupun jaringan 3G atau 4G,",positive
202,Yuk pakai <PROVIDER_NAME> Rp1 gratis 1GB,positive
203,Lebaran tetap pakai <PROVIDER_NAME> yaa #Rp1 gratis 1GB,positive
204,sinyal 4G <PROVIDER_NAME> dipalembang lancar,positive
205,Keren di rembang ada sinyal 4G <PROVIDER_NAME>,positive
206,sinyal <PROVIDER_NAME> kuat banget,positive
207,4G <PROVIDER_NAME> dapat banget disini,positive
208,"Berkat <PROVIDER_NAME> mudiknya jd nyaman,mampir ke posko pun senang..",positive
209,Terimakasih <PROVIDER_NAME>,positive
210,untungnya sudah pakai <PROVIDER_NAME>,positive
211,Alhamdulillah masih #setia dengan <PROVIDER_NAME>.. terbaik,positive
212,"<PROVIDER_NAME> memang jauh lebih murah dari <PROVIDER_NAME>, banyak bonusnya lagi",positive
213,RT <USER_MENTION>: Buat <PROVIDER_NAME> setelah kuota habis saya mau ganti provider  ,negative
214,<PROVIDER_NAME> memang jancok! sinyal payah,negative
215,saya paling tidak pernah pakai  <PROVIDER_NAME>,negative
216,RT <USER_MENTION>: Belum ada permintaan maaf dan pernyataan apapun?  Lanjut boikot <PROVIDER_NAME> #Boikot<PROVIDER_NAME> <URL>,negative
217,<PROVIDER_NAME> masa kuota malam saya sudah habis duluan? Logikanya dimana? <URL>,negative
218,"RT <USER_MENTION>: <PROVIDER_NAME> ini <PROVIDER_NAME> di sini jaringan 4G nya penuh, cuma ga mau konek ke internet...",negative
219,Sinyal 4g nya stabil nih. mantap <PROVIDER_NAME> <URL>,positive
220,"Fungsinya data lokal, 4G sama Flash apa? Toh mau 4G atau 3G yang terpakai duluan data lokalnya. mahal lagi. <PROVIDER_NAME>",negative
221,"Hore, dapat makan malam gratis hari ini karena <PROVIDER_NAME> Poin  #7eleven #sevel <PROVIDER_NAME>… <URL>",positive
222,"Wajar saja <PROVIDER_NAME> dihack, harga mahal banget dan koneksi lambat lagi <PROVIDER_NAME>mahal <PROVIDER_NAME> ",negative
223,*ganti* paket <PROVIDER_NAME>  5Gb langsung lancar dan #TransaksiNormal,positive
224,Selalu saja ada masalah #Indonesia <PROVIDER_NAME> #konsumen <USER_MENTION>,negative
225,Alhamdulillah gratisan youtube dari <PROVIDER_NAME> pada bulan Ramadhan ini berfaedah sekali.,positive
226,<PROVIDER_NAME> KENAPA. sinyal hilang mulu,negative
227,Data yang sama sekali tidak ada manfaatnya.  <PROVIDER_NAME> <URL> …,negative
228,<PROVIDER_NAME> goblok banget sih sekarang <PROVIDER_NAME> #jadimurahan ,negative
229,Padahal udah settingan 3G tapi kenapa kuota 3G tidak bisa dipakai malah menguras pulsa yaa? #Tanya <PROVIDER_NAME>,negative
230,Sudah mahal sinyalnya jelek lagi... <PROVIDER_NAME> bangsat anjing...,negative
231,Jeleknya jaringan internet. <PROVIDER_NAME>,negative
232,Cuma di area Pandeglang kota.. jaringan <PROVIDER_NAME> buruk jelek. Kejadian ini sudah berlangsung sebulan lamanya. <PROVIDER_NAME>Care <PROVIDER_NAME>payah <PROVIDER_NAME> harus dihack,negative
233,"benar2 kacau. Baru isi kuota, datanya langsung habis. <PROVIDER_NAME> ",negative
234,<PROVIDER_NAME> ayo kamu bisa,positive
235,Mending ngopi nyantai sambil dengar musik klasik di youtube gratis dari jaringan <PROVIDER_NAME> yang keren,positive
236,ada banyak fitur  dari Kartu Perdana <PROVIDER_NAME> yg udah 4.5G <PROVIDER_NAME>Youtube1tahun <PROVIDER_NAME>_Jabo <USER_MENTION>,positive
237,"Hari minggu masuk kerja tapi gak ada yang dikerjain, ujung2nya mencari lapak terus rebahan sambil denger musik di youtube. <PROVIDER_NAME> top deh",positive
238,Sekarang enak belanja online. Sinyal kuat dan kencang pakai <PROVIDER_NAME>. ,positive
239,Mantap! Paket <PRODUCT_NAME> dari <PROVIDER_NAME> bikin mupeng. Banyak <PRODUCT_NAME>nya! ,positive
240,Selain bonus THR dapat bonus dari <PROVIDER_NAME> yang begini nih yang bikin hati senang juga.. ,positive
241,"Pagi ini saya sahur di Purwakarta, dan disini sinyal <PROVIDER_NAME> nya bagus banget",positive
242,"Astaga udah sore aja. Keasyikan main hape. Sinyal lancar, hebat emang <PROVIDER_NAME>",positive
243,"Kadang, saya juga cari referensi di youtube yang merupakan gudang informasi keren. <PROVIDER_NAME> youtube an tanpa kuota bisa streaming lancar",positive
244,belajar mengedit video di youtube jadi enak dan cepat paham kalo jaringan <PROVIDER_NAME> lancar dan kencang begini.,positive
245,"Tethering pakai kartu <PROVIDER_NAME> sinyalnya kencang badai, apalagi kalau lagi browsing"" mencari bahan artikel. Dijamin lancar.",positive
246,Saya tidak akan pernah pakai produk <PROVIDER_NAME>!!! boikot <PROVIDER_NAME> #Boikot<PROVIDER_NAME>,negative
247,Ayo yang masih pakai kartu <PROVIDER_NAME> Segera buang ke Got ya,negative
248,#Boikot<PROVIDER_NAME>..saatnya hijrah ke ..selamat tinggal <PROVIDER_NAME>..,negative
249,Alhamdulillah Kuota <PROVIDER_NAME> banyak yang murah,positive
250,"Sudah tarifnya paling mahal, ditambah jaringan yang semakin hari semakin susah! <PROVIDER_NAME> mengesalkan banget ",negative
251,"<PROVIDER_NAME> Pulsanya masih ada, TM masih banyak, mau nelpon ke sesama simpati katanya pulsa gak cukup, kampret ini <PROVIDER_NAME> ",negative
252,Tiba-tiba ada sinyal 4g di rumahku.  Biasanya gak ada.. lancar juga. <PROVIDER_NAME>,positive
253,"Tadinya berharap paling bagus untuk kerja online,Ternyata internetnya tidak seSimpati namanya <PROVIDER_NAME> <URL>",negative
254,Jaringan internet <PROVIDER_NAME> di sumba timur parah....,negative
255,Kualitas jaringan <PROVIDER_NAME> sangat menurun di wilayah Sukabumi.,negative
256,Ternyata tidak cuma saya yang mengeluh karena sinyal atau pelayanan <PROVIDER_NAME> dalam jaringan internet masih kurang,negative
257,"Sudah tengah malam, jaringan kok masih super lelet <PROVIDER_NAME> gak berkualitas",negative
258,Sinyal <PROVIDER_NAME> yang sangat menyedihkan,negative
259,<PROVIDER_NAME> makin bangsat kalau dibiarin,negative
260,<PROVIDER_NAME> memang bangsat gemas duh,negative
261,Signal <PROVIDER_NAME> Mentari makin lama makin memprihatinkan. Saatnya memikirkan untuk ganti kartu. Kecewa <PROVIDER_NAME>,negative
262,<PROVIDER_NAME> apakah <PROVIDER_NAME> lagi gangguan di daerah kramat jati? Sumpah sudah lelet banget padahal sudah 4g ,negative
263,"<PROVIDER_NAME> kenapa <PROVIDER_NAME> super lelet? 4g tp kecepatan 0,1 1 kb/s. gangguan atau gimana sih? ",negative
264,tai <PROVIDER_NAME>,negative
265,"Ya allah. Kalau hujan sinyal <PROVIDER_NAME> kaya lagunya Kotak ""Pelan Pelan Saja""",negative
266,bikin kelar <PROVIDER_NAME> ,negative
267,<PROVIDER_NAME> Hooq sangat tidak bermanfaat. Beli kuota bisa menonton di youtube gak perlu Hooq #rugi <PRODUCT_NAME> #kuota <PROVIDER_NAME> ,negative
268,<PROVIDER_NAME>  Di daerahku udah 3 hari  trouble mulu,negative
269,"sisa 2 hari kuota <PROVIDER_NAME> <PROVIDER_NAME> tapi sudah dibilang habis, gimana ini!",negative
270,Jaringan simpati anjir banget akhir2 ini. <PROVIDER_NAME>,negative
271,Dan terjadi lagi <PROVIDER_NAME> tai,negative
272,Untung pakai <PROVIDER_NAME> walaupun jauh dari rumah tapi Alhamdulillah semua urusan beres.,positive
273,jaringan <PROVIDER_NAME> flash untuk daerah aceh singkil kok gak stabil <PROVIDER_NAME>,negative
274,<PROVIDER_NAME> tarif mahal dengan sinyal parah.,negative
275,"Jadi, sudah seminggu ini saya digangguin sama bunyi SMS dari <PROVIDER_NAME>. Ada promo, katanya.… <URL> ",negative
276,Oh jariangan kenapa <PROVIDER_NAME>,negative
277,Tiap jam 12 malam ke atas hancur koneksinya <PROVIDER_NAME>,negative
278,Sedih saya kalau beli paket internet <PROVIDER_NAME>,negative
279,Hobi ngecek <PRODUCT_NAME> kali aja ada promo kuota internet buat penguna setia <PROVIDER_NAME> ternyata ada. Alhamdulillah rejeki anak biasa,positive
280,<PROVIDER_NAME> setelah dihack malah tambah mahal,negative
281,Jaringan lelet <PROVIDER_NAME>,negative
282,<PROVIDER_NAME> lagi gangguan ya??,negative
283,<PROVIDER_NAME> hancur jaringannya,negative
284,Setiap isi pulsa belum dipakai pasti hilang mohon pejelasannya buat <PROVIDER_NAME>,negative
285,<PROVIDER_NAME> memang bikin sebal ,negative
286,4G LTE <PROVIDER_NAME> sedang bermasalah,negative
287,<PROVIDER_NAME> luar biasa parah 2 hari cuma buang2 kuota... payah <PROVIDER_NAME> <PROVIDER_NAME> <PROVIDER_NAME>,negative
288,koneksinya makin lancar pakai <PROVIDER_NAME> ,positive
289,pakai sinyal <PROVIDER_NAME> lancar. <PROVIDER_NAME> memang yess!! ,positive
290,"Data-data kerja jadi lebih cepat dicari kalau internetnya pakai <PROVIDER_NAME>,",positive
291,"<PROVIDER_NAME> memang juara, dari tadi nonton Youtube kuota masih full aja XD",positive
292,Kenikmatan yang bisa didapatkan saat menjadi pengguna <PROVIDER_NAME> adalah menonton youtube gratis selama setahun,positive
293,Upload file yang besar juga sangat mudah dengan <PROVIDER_NAME>. Karena jaringan internetnya sangat cepat. Alhamdulillah,positive
294,"Untungnya pake <PROVIDER_NAME>, pekerjaan gua lancar :))",positive
295,Siang ini nyoba bonus telpon pakai kartu <PROVIDER_NAME> baru. Aman lancar jaya suaranya meski cuaca hujan.,positive
296,"Pantesan lancar ya, sinyal <PROVIDER_NAME> yang 4G lancar sekali di lombok timur",positive
297,Alhamdulillah lancar pakai <PROVIDER_NAME>,positive
298,"Untung pakai internet <PROVIDER_NAME>, lancar, jadi dapat banyak ide.",positive
299,"di tempat ramai seperti di lokasi wisata, <PROVIDER_NAME> tetap jaya.",positive
300,Sinyal <PROVIDER_NAME> amsyong d stadion gajayana,negative
